file_name,source_url,licence,licence_url,attribution,downloaded_at,sha256,notes
raw/haer/ak0194/ak0194_sheet03.tif,https://tile.loc.gov/storage-services/master/pnp/habshaer/ak/ak0100/ak0194/sheet/00003a.tif,Public-Domain,https://www.loc.gov/rr/print/res/114_habs.html,"Historic American Engineering Record (National Park Service), HAER AK,19-EGL.V,4A-, Gold Placers Incorporated, Coal Creek Dredge, Near Coal Creek & Yukon River, Eagle, Southeast Fairbanks Census Area, AK. Library of Congress, https://www.loc.gov/item/ak0194/",2026-10-01T21:13:32Z,0d865d6bc4bdcdb3a904dd8a5f601b408263ebab7e6e8e8268d245dd44629ed5,"HAER measured drawing sheet 3 ('Drawings from Survey'); rights advisory: 'No known restrictions on images made by the U.S. Government'; US Government work; delineators: Vandeventer, William, delineator; Oberdorfer, Robert M., delineator"
raw/haer/ak0194/ak0194_sheet04.tif,https://tile.loc.gov/storage-services/master/pnp/habshaer/ak/ak0100/ak0194/sheet/00004a.tif,Public-Domain,https://www.loc.gov/rr/print/res/114_habs.html,"Historic American Engineering Record (National Park Service), HAER AK,19-EGL.V,4A-, Gold Placers Incorporated, Coal Creek Dredge, Near Coal Creek & Yukon River, Eagle, Southeast Fairbanks Census Area, AK. Library of Congress, https://www.loc.gov/item/ak0194/",2026-10-01T21:13:34Z,c8c84e9bc7fe3ed9f5ca939b3f438b676864672d9443a4aecef4625c1acceaa6,"HAER measured drawing sheet 4 ('Drawings from Survey'); rights advisory: 'No known restrictions on images made by the U.S. Government'; US Government work; delineators: Vandeventer, William, delineator; Oberdorfer, Robert M., delineator"
raw/haer/al1187/al1187_sheet01.tif,https://tile.loc.gov/storage-services/master/pnp/habshaer/al/al1100/al1187/sheet/00001a.tif,Public-Domain,https://www.loc.gov/rr/print/res/114_habs.html,"Historic American Engineering Record (National Park Service), HAER ALA,17-MUSHO,2A-, Wilson Dam & Hydroelectric Plant, Turbine & Generator Unit, Spanning Tennessee River at Wilson Dam Road (Route 133), Muscle Shoals, Colbert County, AL. Library of Congress, https://www.loc.gov/item/al1187/",2026-10-01T21:13:35Z,8c1326bb0f25245ec55a5084ecd2584fcf61fb23a823bc15ed7f315ee100a970,"HAER measured drawing sheet 1 ('Drawings from Survey'); rights advisory: 'No known restrictions on images made by the U.S. Government'; US Government work; delineators: Payne, Christopher, delineator"
raw/haer/al1284/al1284_sheet13.tif,https://tile.loc.gov/storage-services/master/pnp/habshaer/al/al1200/al1284/sheet/00013a.tif,Public-Domain,https://www.loc.gov/rr/print/res/114_habs.html,"Historic American Engineering Record (National Park Service), HAER ALA,1-PRAVI,5-, Prattville Manufacturing Company, Number One, 242 South Court Street, Prattville, Autauga County, AL. Library of Congress, https://www.loc.gov/item/al1284/",2026-10-01T21:13:36Z,8eb382a1ecfa8897d8b5b7326860efa4411a9a17d1fc352ec75efdff33b69411,HAER measured drawing sheet 13 ('Drawings from Survey'); rights advisory: 'No known restrictions on images made by the U.S. Government'; US Government work; 
raw/haer/al1289/al1289_sheet11.tif,https://tile.loc.gov/storage-services/master/pnp/habshaer/al/al1200/al1289/sheet/00011a.tif,Public-Domain,https://www.loc.gov/rr/print/res/114_habs.html,"Historic American Engineering Record (National Park Service), HAER AL-185, Jenkins Brick Company, Plant No. 2, Furnace Street, Montgomery, Montgomery County, AL. Library of Congress, https://www.loc.gov/item/al1289/",2026-10-01T21:13:38Z,e134c4a0342a0d020b0234f58da09649c2f4b2bd6132685a651c68f419c7f218,HAER measured drawing sheet 11 ('Drawings from Survey'); rights advisory: 'No known restrictions on images made by the U.S. Government'; US Government work; 
raw/haer/al1331/al1331_sheet14.tif,https://tile.loc.gov/storage-services/master/pnp/habshaer/al/al1300/al1331/sheet/00014a.tif,Public-Domain,https://www.loc.gov/rr/print/res/114_habs.html,"Historic American Engineering Record (National Park Service), HAER AL-129-L, Marshall Space Flight Center, F-1 Engine Static Test Stand, On Route 565 between Huntsville and Decatur, Huntsville, Madison County, AL. Library of Congress, https://www.loc.gov/item/al1331/",2026-10-01T21:13:39Z,19040f87021a25b82b87e9360a235abdb25b710c487c45053911aa3da604ad5e,HAER measured drawing sheet 14 ('Drawings from Survey'); rights advisory: 'No known restrictions on images made by the U.S. Government'; US Government work; 
raw/haer/ar0051/ar0051_sheet20.tif,https://tile.loc.gov/storage-services/master/pnp/habshaer/ar/ar0000/ar0051/sheet/00020a.tif,Public-Domain,https://www.loc.gov/rr/print/res/114_habs.html,"Historic American Engineering Record (National Park Service), HAER ARK,51-PON,1-, Boxley Grist Mill, Boxley vicinity on State Route 43, Buffalo National River, Ponca, Newton County, AR. Library of Congress, https://www.loc.gov/item/ar0051/",2026-10-01T21:32:09Z,dd60fc99b1476c0a82537d1b673b2c267e4c35d8809a1d0db0aad5a5d22d3a91,HAER measured drawing sheet 20 ('Drawings from Survey'); rights advisory: 'No known restrictions on images made by the U.S. Government'; US Government work; 
raw/haer/ca1023/ca1023_sheet19.tif,https://tile.loc.gov/storage-services/master/pnp/habshaer/ca/ca1000/ca1023/sheet/00019a.tif,Public-Domain,https://www.loc.gov/rr/print/res/114_habs.html,"Historic American Engineering Record (National Park Service), HAER CAL,52-REBLU.V,1-, Battle Creek Hydroelectric System, Battle Creek & Tributaries, Red Bluff, Tehama County, CA. Library of Congress, https://www.loc.gov/item/ca1023/",2026-10-01T21:32:10Z,770f957f45b8fbd2caa2582068400ca6417eaeea9c91e852c142f7275edc79ee,"HAER measured drawing sheet 19 ('Drawings from Survey'); rights advisory: 'No known restrictions on images made by the U.S. Government'; US Government work; delineators: Pohlsander, Dianne M., delineator; Smith, Shannon L., delineator; Weems, Sands S., IV, delineator"
raw/haer/ca1237/ca1237_sheet07.tif,https://tile.loc.gov/storage-services/master/pnp/habshaer/ca/ca1200/ca1237/sheet/00007a.tif,Public-Domain,https://www.loc.gov/rr/print/res/114_habs.html,"Historic American Engineering Record (National Park Service), HAER CAL,38-SANFRA,137-, San Francisco Cable Railway, Washington & Mason Streets, San Francisco, San Francisco County, CA. Library of Congress, https://www.loc.gov/item/ca1237/",2026-10-01T21:32:12Z,2ab7753c12b130a5f2d99afb59c3bb5f2c27cadef8f013ba54f77aec186dd0da,"HAER measured drawing sheet 7 ('Drawings from Survey'); rights advisory: 'No known restrictions on images made by the U.S. Government'; US Government work; delineators: Dolph, Scott, delineator; Dombroski, Marian, delineator; Sutphin, H. Adams, delineator"
raw/haer/ca1237/ca1237_sheet08.tif,https://tile.loc.gov/storage-services/master/pnp/habshaer/ca/ca1200/ca1237/sheet/00008a.tif,Public-Domain,https://www.loc.gov/rr/print/res/114_habs.html,"Historic American Engineering Record (National Park Service), HAER CAL,38-SANFRA,137-, San Francisco Cable Railway, Washington & Mason Streets, San Francisco, San Francisco County, CA. Library of Congress, https://www.loc.gov/item/ca1237/",2026-10-01T21:32:13Z,ca727b1b10a93c2fc51dc2b239b7c3e0232d6dd3cf1d95153543404e9e81e5ae,"HAER measured drawing sheet 8 ('Drawings from Survey'); rights advisory: 'No known restrictions on images made by the U.S. Government'; US Government work; delineators: Dolph, Scott, delineator; Dombroski, Marian, delineator; Sutphin, H. Adams, delineator"
raw/haer/ca1504/ca1504_sheet07.tif,https://tile.loc.gov/storage-services/master/pnp/habshaer/ca/ca1500/ca1504/sheet/00007a.tif,Public-Domain,https://www.loc.gov/rr/print/res/114_habs.html,"Historic American Engineering Record (National Park Service), HAER CAL,38-SANFRA,194-, Ferry EUREKA, Hyde Street Pier, San Francisco, San Francisco County, CA. Library of Congress, https://www.loc.gov/item/ca1504/",2026-10-01T21:32:15Z,402109361757ff103f0be4b156f0382a17cd02f3f10125c081ef8d8e1ce6b778,"HAER measured drawing sheet 7 ('Drawings from Survey'); rights advisory: 'No known restrictions on images made by the U.S. Government'; US Government work; delineators: Anderson, Richard K., Jr., delineator; Lockett, Dana, delineator"
raw/haer/ca1505/ca1505_sheet07.tif,https://tile.loc.gov/storage-services/master/pnp/habshaer/ca/ca1500/ca1505/sheet/00007a.tif,Public-Domain,https://www.loc.gov/rr/print/res/114_habs.html,"Historic American Engineering Record (National Park Service), HAER CAL,38-SANFRA,198-, Scow Schooner ALMA, Hyde Street Pier, San Francisco, San Francisco County, CA. Library of Congress, https://www.loc.gov/item/ca1505/",2026-10-01T21:32:16Z,7710a1b5d714ac06601126db84c66e182f1ab54622ba6276c25b05632be54a29,HAER measured drawing sheet 7 ('Drawings from Survey'); rights advisory: 'No known restrictions on images made by the U.S. Government'; US Government work; 
raw/haer/ca1508/ca1508_sheet07.tif,https://tile.loc.gov/storage-services/master/pnp/habshaer/ca/ca1500/ca1508/sheet/00007a.tif,Public-Domain,https://www.loc.gov/rr/print/res/114_habs.html,"Historic American Engineering Record (National Park Service), HAER CAL,38-SANFRA,167, Steam Tug EPPLETON HALL, Hyde Street Pier, San Francisco, San Francisco County, CA. Library of Congress, https://www.loc.gov/item/ca1508/",2026-10-01T21:32:18Z,6c9779425f647282bbe59e786c7650704c6f86025172020bee30b985a8d2b5d0,HAER measured drawing sheet 7 ('Drawings from Survey'); rights advisory: 'No known restrictions on images made by the U.S. Government'; US Government work; 
raw/haer/ca1618/ca1618_sheet02.tif,https://tile.loc.gov/storage-services/master/pnp/habshaer/ca/ca1600/ca1618/sheet/00002a.tif,Public-Domain,https://www.loc.gov/rr/print/res/114_habs.html,"Historic American Engineering Record (National Park Service), HAER CAL,5-COP.V,4B-
, Royal Consolidated Gold Mine & Mills, Royal Mill, 4.0 Air Miles Northwest of Copperopolis, Copperopolis, Calaveras County, CA. Library of Congress, https://www.loc.gov/item/ca1618/",2026-10-01T21:32:19Z,a8c1d052a0cced329cc0f42ef50adefeb95d633d2ab2ca3ba3846e1e26d40b80,HAER measured drawing sheet 2 ('Drawings from Survey'); rights advisory: 'No known restrictions on images made by the U.S. Government'; US Government work; 
raw/haer/az0616/az0616_sheet07.tif,https://tile.loc.gov/storage-services/master/pnp/habshaer/az/az0600/az0616/sheet/00007a.tif,Public-Domain,https://www.loc.gov/rr/print/res/114_habs.html,"Historic American Engineering Record (National Park Service), HAER AZ-78, Grand Gulch Mine, Littlefield, Mohave County, AZ. Library of Congress, https://www.loc.gov/item/az0616/",2026-10-01T21:32:21Z,bbc866572813f5670266b6c03fefb2ca6f604752eb7411b17e677a2c35566060,HAER measured drawing sheet 7 ('Drawings from Survey'); rights advisory: 'No known restrictions on images made by the U.S. Government'; US Government work; 
raw/haer/ca1658/ca1658_sheet09.tif,https://tile.loc.gov/storage-services/master/pnp/habshaer/ca/ca1600/ca1658/sheet/00009a.tif,Public-Domain,https://www.loc.gov/rr/print/res/114_habs.html,"Historic American Engineering Record (National Park Service), HAER CAL,36-TNPAL.V,2-, Wall Street Gold Mill, Twentynine Palms, San Bernardino County, CA. Library of Congress, https://www.loc.gov/item/ca1658/",2026-10-01T21:32:22Z,bf96f3a794ff43f2fbd30b92438f5075a522b9cbd64a041136d50d9325c0481e,HAER measured drawing sheet 9 ('Drawings from Survey'); rights advisory: 'No known restrictions on images made by the U.S. Government'; US Government work; 
raw/haer/ca1659/ca1659_sheet01.tif,https://tile.loc.gov/storage-services/master/pnp/habshaer/ca/ca1600/ca1659/sheet/00001a.tif,Public-Domain,https://www.loc.gov/rr/print/res/114_habs.html,"Historic American Engineering Record (National Park Service), HAER CAL,36-TNPAL.V,3A-, Desert Queen Ranch, One Stamp Gold Mill, Twentynine Palms, San Bernardino County, CA. Library of Congress, https://www.loc.gov/item/ca1659/",2026-10-01T21:32:24Z,ce28ac3d9b2d71d7c512a898396df9d36520375bf5371a2d18cc34e4ccbeb114,"HAER measured drawing sheet 1 ('Drawings from Survey'); rights advisory: 'No known restrictions on images made by the U.S. Government'; US Government work; delineators: Ong, Guek Hoon, delineator"
raw/haer/ca1734/ca1734_sheet08.tif,https://tile.loc.gov/storage-services/master/pnp/habshaer/ca/ca1700/ca1734/sheet/00008a.tif,Public-Domain,https://www.loc.gov/rr/print/res/114_habs.html,"Historic American Engineering Record (National Park Service), HAER CAL,36-TNPAL.V,5-, Lost Horse Gold Mill, Twentynine Palms, San Bernardino County, CA. Library of Congress, https://www.loc.gov/item/ca1734/",2026-10-01T21:32:25Z,089a969290b7de818c738e1cd5dde715b93f9b18751a79be8412c50bfff2fe58,"HAER measured drawing sheet 8 ('Drawings from Survey'); rights advisory: 'No known restrictions on images made by the U.S. Government'; US Government work; delineators: Dion, Martine, delineator; Kiernat, Carolyn J, delineator"
raw/haer/ca3001/ca3001_sheet12.tif,https://tile.loc.gov/storage-services/master/pnp/habshaer/ca/ca3000/ca3001/sheet/00012a.tif,Public-Domain,https://www.loc.gov/rr/print/res/114_habs.html,"Historic American Engineering Record (National Park Service), HAER CA-290, Skidoo Mine, Park Route 38 (Skidoo Road), Death Valley Junction, Inyo County, CA. Library of Congress, https://www.loc.gov/item/ca3001/",2026-10-01T21:32:27Z,d9a69f24a0aef40498668920b51c9085eb4d6eb50ab8464b981afb4666f84583,HAER measured drawing sheet 12 ('Drawings from Survey'); rights advisory: 'No known restrictions on images made by the U.S. Government'; US Government work; 
raw/haer/ca3003/ca3003_sheet05.tif,https://tile.loc.gov/storage-services/master/pnp/habshaer/ca/ca3000/ca3003/sheet/00005a.tif,Public-Domain,https://www.loc.gov/rr/print/res/114_habs.html,"Historic American Engineering Record (National Park Service), HAER CA-292, Gold Hill Mill, Warm Spring Canyon Road, Death Valley Junction, Inyo County, CA. Library of Congress, https://www.loc.gov/item/ca3003/",2026-10-01T21:32:28Z,e053d779c70ff2cde31e6a802fb2dc86e884097938a55a77f9745ae0f37ef311,"HAER measured drawing sheet 5 ('Drawings from Survey'); rights advisory: 'No known restrictions on images made by the U.S. Government'; US Government work; delineators: Lockett, Dana, delineator"
raw/haer/ca3003/ca3003_sheet06.tif,https://tile.loc.gov/storage-services/master/pnp/habshaer/ca/ca3000/ca3003/sheet/00006a.tif,Public-Domain,https://www.loc.gov/rr/print/res/114_habs.html,"Historic American Engineering Record (National Park Service), HAER CA-292, Gold Hill Mill, Warm Spring Canyon Road, Death Valley Junction, Inyo County, CA. Library of Congress, https://www.loc.gov/item/ca3003/",2026-10-01T21:32:30Z,34e048823aff33e512a95098cf526279766c4dc5339962698caa35815079941c,"HAER measured drawing sheet 6 ('Drawings from Survey'); rights advisory: 'No known restrictions on images made by the U.S. Government'; US Government work; delineators: Lockett, Dana, delineator"
raw/haer/ca3098/ca3098_sheet16.tif,https://tile.loc.gov/storage-services/master/pnp/habshaer/ca/ca3000/ca3098/sheet/00016a.tif,Public-Domain,https://www.loc.gov/rr/print/res/114_habs.html,"Historic American Engineering Record (National Park Service), HAER CA-299, Standard Gold Mill, East of Bodie Creek, Northeast of Bodie, Bodie, Mono County, CA. Library of Congress, https://www.loc.gov/item/ca3098/",2026-10-01T21:32:31Z,6773b9eb44e16f61411545bee194d96c7e7175d4971cdbddb09a47893c4025ff,"HAER measured drawing sheet 16 ('Drawings from Survey'); rights advisory: 'No known restrictions on images made by the U.S. Government'; US Government work; delineators: Lockett, Dana, delineator; Croteau, Todd A., delineator; Behrens, Thomas M., delineator; Osic-Basic, Dina, delineator"
raw/haer/ca3794/ca3794_sheet06.tif,https://tile.loc.gov/storage-services/master/pnp/habshaer/ca/ca3700/ca3794/sheet/00006a.tif,Public-Domain,https://www.loc.gov/rr/print/res/114_habs.html,"Historic American Engineering Record (National Park Service), HAER CA-2280, Pacific Furnace, 6633 Canoga Avenue, Canoga Park, Los Angeles County, CA. Library of Congress, https://www.loc.gov/item/ca3794/",2026-10-01T21:32:34Z,c028feac55dbce986c40dbaaa833d7de88222e289a3e422591db0cdca76c9141,"HAER measured drawing sheet 6 ('Drawings from Survey'); rights advisory: 'No known restrictions on images made by the U.S. Government'; US Government work; delineators: Matsov, Alexander, delineator"
raw/haer/ca4136/ca4136_sheet01.tif,https://tile.loc.gov/storage-services/master/pnp/habshaer/ca/ca4100/ca4136/sheet/00001a.tif,Public-Domain,https://www.loc.gov/rr/print/res/114_habs.html,"Historic American Engineering Record (National Park Service), HAER CA-2312, 1964 Meyers Manx, Valley Center, San Diego County, CA. Library of Congress, https://www.loc.gov/item/ca4136/",2026-10-01T21:32:38Z,7d9e3aa32cd8ba71fdc4e9f9b1f45b7f1aa82ceb854d1a2dcbad7a43dec7ba8f,"HAER measured drawing sheet 1 ('Drawings from Survey'); rights advisory: 'No known restrictions on images made by the U.S. Government'; US Government work; delineators: Wachtel, John, delineator; Pierce, Ryan, delineator; Mauro, Jeremy T., delineator"
raw/haer/ca4306/ca4306_sheet02.tif,https://tile.loc.gov/storage-services/master/pnp/habshaer/ca/ca4300/ca4306/sheet/00002a.tif,Public-Domain,https://www.loc.gov/rr/print/res/114_habs.html,"Historic American Engineering Record (National Park Service), HAER CA-2327, 1932 Ford V-8 Roadster, Beverly Hills, Los Angeles County, CA. Library of Congress, https://www.loc.gov/item/ca4306/",2026-10-01T21:32:40Z,618df4946dabc2499c916bdbe94bbfc8e6fc0c5b6a505483cbd4e525fe922599,HAER measured drawing sheet 2 ('Drawings from Survey'); rights advisory: 'No known restrictions on images made by the U.S. Government'; US Government work; 
raw/haer/co0015/co0015_sheet07.tif,https://tile.loc.gov/storage-services/master/pnp/habshaer/co/co0000/co0015/sheet/00007a.tif,Public-Domain,https://www.loc.gov/rr/print/res/114_habs.html,"Historic American Engineering Record (National Park Service), HAER COLO,23-RIF.V,1-, Havemeyer-Willcox Canal System, Rifle, Garfield County, CO. Library of Congress, https://www.loc.gov/item/co0015/",2026-10-01T21:32:41Z,9617253f76f9c0f16fdded7d39bebcfb1093b3ec663ce22bce46b05365c92154,HAER measured drawing sheet 7 ('Drawings from Survey'); rights advisory: 'No known restrictions on images made by the U.S. Government'; US Government work; 
raw/haer/co0015/co0015_sheet08.tif,https://tile.loc.gov/storage-services/master/pnp/habshaer/co/co0000/co0015/sheet/00008a.tif,Public-Domain,https://www.loc.gov/rr/print/res/114_habs.html,"Historic American Engineering Record (National Park Service), HAER COLO,23-RIF.V,1-, Havemeyer-Willcox Canal System, Rifle, Garfield County, CO. Library of Congress, https://www.loc.gov/item/co0015/",2026-10-01T21:32:42Z,b5345b4a42512cd7b59365b7440ac583138017c891458953bce2b8b86345d43b,HAER measured drawing sheet 8 ('Drawings from Survey'); rights advisory: 'No known restrictions on images made by the U.S. Government'; US Government work; 
raw/haer/dc0987/dc0987_sheet06.tif,https://tile.loc.gov/storage-services/master/pnp/habshaer/dc/dc0900/dc0987/sheet/00006a.tif,Public-Domain,https://www.loc.gov/rr/print/res/114_habs.html,"Historic American Engineering Record (National Park Service), HAER DC-56, U.S. Coast Guard Buoy Tenders, 133' Class, U.S. Coast Guard Headquarters, 2100 Second Street Southwest, Washington, District of Columbia, DC. Library of Congress, https://www.loc.gov/item/dc0987/",2026-10-01T21:32:46Z,47aec31537aa9cea3607eee76c33cfc33e4e97b139d857c8aafab5a35dfc2ddf,HAER measured drawing sheet 6 ('Drawings from Survey'); rights advisory: 'No known restrictions on images made by the U.S. Government'; US Government work; 
raw/haer/ga0256/ga0256_sheet03.tif,https://tile.loc.gov/storage-services/master/pnp/habshaer/ga/ga0200/ga0256/sheet/00003a.tif,Public-Domain,https://www.loc.gov/rr/print/res/114_habs.html,"Historic American Engineering Record (National Park Service), HAER GA,108-COLM,19-, City Mills Company, Eighteenth Street & First Avenue, Columbus, Muscogee County, GA. Library of Congress, https://www.loc.gov/item/ga0256/",2026-10-01T21:32:49Z,85aa362524115b1a53ee8ccddaffdd7081084fd71c970c1022521a46e6f2f4f6,HAER measured drawing sheet 3 ('Drawings from Survey'); rights advisory: 'No known restrictions on images made by the U.S. Government'; US Government work; 
raw/haer/ga0212/ga0212_sheet03.tif,https://tile.loc.gov/storage-services/master/pnp/habshaer/ga/ga0200/ga0212/sheet/00003a.tif,Public-Domain,https://www.loc.gov/rr/print/res/114_habs.html,"Historic American Engineering Record (National Park Service), HAER GA,123-AUG,46-, John P. King Manufacturing Company, 1701 Goodrich Street, Augusta Canal, Augusta, Richmond County, GA. Library of Congress, https://www.loc.gov/item/ga0212/",2026-10-01T21:32:51Z,1d7391ab897c9813d108cf039321d52499d8fa39a90fa90dcfd6e414354f0f07,HAER measured drawing sheet 3 ('Drawings from Survey'); rights advisory: 'No known restrictions on images made by the U.S. Government'; US Government work; 
raw/haer/hi0052/hi0052_sheet06.tif,https://tile.loc.gov/storage-services/master/pnp/habshaer/hi/hi0000/hi0052/sheet/00006a.tif,Public-Domain,https://www.loc.gov/rr/print/res/114_habs.html,"Historic American Engineering Record (National Park Service), HAER HI,5-KALPU,1-, R.W. Meyer Sugar Mill, State Route 47, Kualapuu, Maui County, HI. Library of Congress, https://www.loc.gov/item/hi0052/",2026-10-01T21:32:52Z,6143e5707598e506266a58bd329bb7d57779446c8e2c13eb3fd49827d26b6890,HAER measured drawing sheet 6 ('Drawings from Survey'); rights advisory: 'No known restrictions on images made by the U.S. Government'; US Government work; 
raw/haer/hi0052/hi0052_sheet07.tif,https://tile.loc.gov/storage-services/master/pnp/habshaer/hi/hi0000/hi0052/sheet/00007a.tif,Public-Domain,https://www.loc.gov/rr/print/res/114_habs.html,"Historic American Engineering Record (National Park Service), HAER HI,5-KALPU,1-, R.W. Meyer Sugar Mill, State Route 47, Kualapuu, Maui County, HI. Library of Congress, https://www.loc.gov/item/hi0052/",2026-10-01T21:32:54Z,636060e7680289e3dfdf46f639dca0b09f092386d63088621465917349a3756b,HAER measured drawing sheet 7 ('Drawings from Survey'); rights advisory: 'No known restrictions on images made by the U.S. Government'; US Government work; 
raw/haer/id0011/id0011_sheet03.tif,https://tile.loc.gov/storage-services/master/pnp/habshaer/id/id0000/id0011/sheet/00003a.tif,Public-Domain,https://www.loc.gov/rr/print/res/114_habs.html,"Historic American Engineering Record (National Park Service), HAER ID,39-AMFA,1-, American Falls Water, Power & Light Company, Island Power Plant, Snake River, below American Falls Dam, American Falls, Power County, ID. Library of Congress, https://www.loc.gov/item/id0011/",2026-10-01T21:32:56Z,1d5ab6283cfb291a7670abd951b2a38e15495ba536a3f42f68af791fdc47abbc,"HAER measured drawing sheet 3 ('Drawings from Survey'); rights advisory: 'No known restrictions on images made by the U.S. Government'; US Government work; delineators: DeLony, Eric N., delineator; Chrisney, Margie, delineator; Jones, Arnold, delineator; Levy, Bob, delineator; Poor, Charles G., delineator; Hochuli, Janet L., delineator; Anderson, Richard K., Jr., delineator"
raw/haer/la0164/la0164_sheet10.tif,https://tile.loc.gov/storage-services/master/pnp/habshaer/la/la0100/la0164/sheet/00010a.tif,Public-Domain,https://www.loc.gov/rr/print/res/114_habs.html,"Historic American Engineering Record (National Park Service), HAER LA,9-SHREV,2-, McNeil Street Pumping Station, McNeil Street & Cross Bayou, Shreveport, Caddo Parish, LA. Library of Congress, https://www.loc.gov/item/la0164/",2026-10-01T21:33:03Z,77577bb4c66f004f242ac7a754ae23733d5f60f5d9f0990650a2ae1cdd4ad0ce,HAER measured drawing sheet 10 ('Drawings from Survey'); rights advisory: 'No known restrictions on images made by the U.S. Government'; US Government work; 
raw/haer/md0746/md0746_sheet04.tif,https://tile.loc.gov/storage-services/master/pnp/habshaer/md/md0700/md0746/sheet/00004a.tif,Public-Domain,https://www.loc.gov/rr/print/res/114_habs.html,"Historic American Engineering Record (National Park Service), HAER MD,8-CHESCI,1-, Chesapeake & Delaware Canal, Pump House, South side of Chesapeake & Delaware Canal, Chesapeake City, Cecil County, MD. Library of Congress, https://www.loc.gov/item/md0746/",2026-10-01T21:33:05Z,2555741b7e1af637a99ebdd5393d7572d9c00c81647da8b9a01c324ea4028ee9,"HAER measured drawing sheet 4 ('Drawings from Survey'); rights advisory: 'No known restrictions on images made by the U.S. Government'; US Government work; delineators: Hochuli, Janet L., delineator; Levy, Robert, delineator; Poor, Charles G., delineator"
raw/haer/md0746/md0746_sheet05.tif,https://tile.loc.gov/storage-services/master/pnp/habshaer/md/md0700/md0746/sheet/00005a.tif,Public-Domain,https://www.loc.gov/rr/print/res/114_habs.html,"Historic American Engineering Record (National Park Service), HAER MD,8-CHESCI,1-, Chesapeake & Delaware Canal, Pump House, South side of Chesapeake & Delaware Canal, Chesapeake City, Cecil County, MD. Library of Congress, https://www.loc.gov/item/md0746/",2026-10-01T21:33:11Z,c6fcd62e3a653b5737792ede650fad7a04a47bf5f612e916a346ffc7efdee0ad,"HAER measured drawing sheet 5 ('Drawings from Survey'); rights advisory: 'No known restrictions on images made by the U.S. Government'; US Government work; delineators: Hochuli, Janet L., delineator; Levy, Robert, delineator; Poor, Charles G., delineator"
raw/haer/md1071/md1071_sheet13.tif,https://tile.loc.gov/storage-services/master/pnp/habshaer/md/md1000/md1071/sheet/00013a.tif,Public-Domain,https://www.loc.gov/rr/print/res/114_habs.html,"Historic American Engineering Record (National Park Service), HAER MD,5-SOLOM,1-, Bugeye ""Louise Travers"", Intersection of Routes 2 & 4, Solomons, Calvert County, MD. Library of Congress, https://www.loc.gov/item/md1071/",2026-10-01T21:33:12Z,646d8b826077177c393c4a1747b00cb7bb66233d903f6c7d398ef12471bd2563,HAER measured drawing sheet 13 ('Drawings from Survey'); rights advisory: 'No known restrictions on images made by the U.S. Government'; US Government work; 
raw/haer/md1203/md1203_sheet07.tif,https://tile.loc.gov/storage-services/master/pnp/habshaer/md/md1200/md1203/sheet/00007a.tif,Public-Domain,https://www.loc.gov/rr/print/res/114_habs.html,"Historic American Engineering Record (National Park Service), HAER MD,21-SAIMI,1-, Two-Sail Bateau E. C. COLLIER, Chesapeake Bay Maritime Museum, Mills Street, Saint Michaels, Talbot County, MD. Library of Congress, https://www.loc.gov/item/md1203/",2026-10-01T21:33:14Z,4b9a4bd7c7bef31e6ef51f121c6a649676d9d3c43f010820654e55bf2bebff00,"HAER measured drawing sheet 7 ('Drawings from Survey'); rights advisory: 'No known restrictions on images made by the U.S. Government'; US Government work; delineators: Salarano, Laura E., delineator"
raw/haer/md1447/md1447_sheet03.tif,https://tile.loc.gov/storage-services/master/pnp/habshaer/md/md1400/md1447/sheet/00003a.tif,Public-Domain,https://www.loc.gov/rr/print/res/114_habs.html,"Historic American Engineering Record (National Park Service), HAER MD-111, Steamboat COLUMBUS, Submerged south-southeast of Point Lookout, Scotland, St. Mary's County, MD. Library of Congress, https://www.loc.gov/item/md1447/",2026-10-01T21:33:15Z,82360e54b2267dc1747bf48abf57416e9116f3fba66508a087ab3a1dc220e8c8,HAER measured drawing sheet 3 ('Drawings from Survey'); rights advisory: 'No known restrictions on images made by the U.S. Government'; US Government work; 
raw/haer/md1447/md1447_sheet04.tif,https://tile.loc.gov/storage-services/master/pnp/habshaer/md/md1400/md1447/sheet/00004a.tif,Public-Domain,https://www.loc.gov/rr/print/res/114_habs.html,"Historic American Engineering Record (National Park Service), HAER MD-111, Steamboat COLUMBUS, Submerged south-southeast of Point Lookout, Scotland, St. Mary's County, MD. Library of Congress, https://www.loc.gov/item/md1447/",2026-10-01T21:33:17Z,2c5cd72c84740084f63abfcae5a88b7eb5a92fe1b9ef5fd969cdb272b8febda4,HAER measured drawing sheet 4 ('Drawings from Survey'); rights advisory: 'No known restrictions on images made by the U.S. Government'; US Government work; 
raw/haer/md1454/md1454_sheet07.tif,https://tile.loc.gov/storage-services/master/pnp/habshaer/md/md1400/md1454/sheet/00007a.tif,Public-Domain,https://www.loc.gov/rr/print/res/114_habs.html,"Historic American Engineering Record (National Park Service), HAER MD,21-TILG.V,1-, KATHRYN-Two-sail Bateau ""Skipjack"", Dogwood Harbor, Chesapeake Bay, Tilghman, Talbot County, MD. Library of Congress, https://www.loc.gov/item/md1454/",2026-10-01T21:33:18Z,8e1e32bd0608a3214c250e2ebe4090f44ca68c3d9cf1ebfc27482f0b40d4e683,HAER measured drawing sheet 7 ('Drawings from Survey'); rights advisory: 'No known restrictions on images made by the U.S. Government'; US Government work; 
raw/haer/md1680/md1680_sheet10.tif,https://tile.loc.gov/storage-services/master/pnp/habshaer/md/md1600/md1680/sheet/00010a.tif,Public-Domain,https://www.loc.gov/rr/print/res/114_habs.html,"Historic American Engineering Record (National Park Service), HAER MD-135, F. & H. Benning Company Oyster Mill, 14430 Solomons Island Road (moved from 1014 Benning Road, Galesville, Anne Arundel County, Maryland), Solomons, Calvert County, MD. Library of Congress, https://www.loc.gov/item/md1680/",2026-10-01T21:33:22Z,36377bff043719bf1aac5402c41720ad4b2103e53f8b53cf4b8199165c2a96ab,"HAER measured drawing sheet 10 ('Drawings from Survey'); rights advisory: 'No known restrictions on images made by the U.S. Government'; US Government work; delineators: Valletta, Victoria, delineator"
raw/haer/md1680/md1680_sheet11.tif,https://tile.loc.gov/storage-services/master/pnp/habshaer/md/md1600/md1680/sheet/00011a.tif,Public-Domain,https://www.loc.gov/rr/print/res/114_habs.html,"Historic American Engineering Record (National Park Service), HAER MD-135, F. & H. Benning Company Oyster Mill, 14430 Solomons Island Road (moved from 1014 Benning Road, Galesville, Anne Arundel County, Maryland), Solomons, Calvert County, MD. Library of Congress, https://www.loc.gov/item/md1680/",2026-10-01T21:33:25Z,d19ea340ec294b232a20f06bbc6091b75148df5df4cb144c7fa89f6d05ff9320,"HAER measured drawing sheet 11 ('Drawings from Survey'); rights advisory: 'No known restrictions on images made by the U.S. Government'; US Government work; delineators: Valletta, Victoria, delineator"
raw/haer/nc0001/nc0001_sheet02.tif,https://tile.loc.gov/storage-services/master/pnp/habshaer/nc/nc0000/nc0001/sheet/00002a.tif,Public-Domain,https://www.loc.gov/rr/print/res/114_habs.html,"Historic American Engineering Record (National Park Service), HAER NC,1-GLEN,1-, Glencoe Cotton Mills, State Routes 1598 & 1600, Glencoe, Alamance County, NC. Library of Congress, https://www.loc.gov/item/nc0001/",2026-10-01T21:33:29Z,a565ba108f2dcc2b179b3a4f4d3f88ea2bbe498dc196ce52702d6b285ed7d255,HAER measured drawing sheet 2 ('Drawings from Survey'); rights advisory: 'No known restrictions on images made by the U.S. Government'; US Government work; 
raw/haer/nc0001/nc0001_sheet03.tif,https://tile.loc.gov/storage-services/master/pnp/habshaer/nc/nc0000/nc0001/sheet/00003a.tif,Public-Domain,https://www.loc.gov/rr/print/res/114_habs.html,"Historic American Engineering Record (National Park Service), HAER NC,1-GLEN,1-, Glencoe Cotton Mills, State Routes 1598 & 1600, Glencoe, Alamance County, NC. Library of Congress, https://www.loc.gov/item/nc0001/",2026-10-01T21:33:31Z,b23dbd50cb6eaccd962b56437cf51c21505cc292337540f27051df326430fb5c,HAER measured drawing sheet 3 ('Drawings from Survey'); rights advisory: 'No known restrictions on images made by the U.S. Government'; US Government work; 
raw/haer/nc0051/nc0051_sheet07.tif,https://tile.loc.gov/storage-services/master/pnp/habshaer/nc/nc0000/nc0051/sheet/00007a.tif,Public-Domain,https://www.loc.gov/rr/print/res/114_habs.html,"Historic American Engineering Record (National Park Service), HAER NC,62-ALBE,1-, Coggins Gold Mine, Rich-Cog Mining Company, Eldorado, Montgomery County, NC. Library of Congress, https://www.loc.gov/item/nc0051/",2026-10-01T21:33:32Z,073601042e287684b4e3f52a97b0e6ea29a2af737dda22ef94b1b24b38b5b929,HAER measured drawing sheet 7 ('Drawings from Survey'); rights advisory: 'No known restrictions on images made by the U.S. Government'; US Government work; 
raw/haer/nc0051/nc0051_sheet08.tif,https://tile.loc.gov/storage-services/master/pnp/habshaer/nc/nc0000/nc0051/sheet/00008a.tif,Public-Domain,https://www.loc.gov/rr/print/res/114_habs.html,"Historic American Engineering Record (National Park Service), HAER NC,62-ALBE,1-, Coggins Gold Mine, Rich-Cog Mining Company, Eldorado, Montgomery County, NC. Library of Congress, https://www.loc.gov/item/nc0051/",2026-10-01T21:33:34Z,b6dba200ab7f4e0005afc7b7b0fa4ecc97f904dc0441c434e7ff7bdc27d72330,HAER measured drawing sheet 8 ('Drawings from Survey'); rights advisory: 'No known restrictions on images made by the U.S. Government'; US Government work; 
raw/haer/nj0143/nj0143_sheet05.tif,https://tile.loc.gov/storage-services/master/pnp/habshaer/nj/nj0100/nj0143/sheet/00005a.tif,Public-Domain,https://www.loc.gov/rr/print/res/114_habs.html,"Historic American Engineering Record (National Park Service), HAER NJ,10-CLIN.V,1-, Fink Through-Truss Bridge, Hunterdon County Government Complex (moved to), Flemington, Hunterdon County, NJ. Library of Congress, https://www.loc.gov/item/nj0143/",2026-10-01T21:33:35Z,2f2a4582790c72a7aa0f3af64819284688aedcd58fbb6d8bd56afd984f3df032,HAER measured drawing sheet 5 ('Drawings from Survey'); rights advisory: 'No known restrictions on images made by the U.S. Government'; US Government work; 
raw/haer/nj0143/nj0143_sheet06.tif,https://tile.loc.gov/storage-services/master/pnp/habshaer/nj/nj0100/nj0143/sheet/00006a.tif,Public-Domain,https://www.loc.gov/rr/print/res/114_habs.html,"Historic American Engineering Record (National Park Service), HAER NJ,10-CLIN.V,1-, Fink Through-Truss Bridge, Hunterdon County Government Complex (moved to), Flemington, Hunterdon County, NJ. Library of Congress, https://www.loc.gov/item/nj0143/",2026-10-01T21:33:37Z,5164117d0b290bf31aa7a55234d7a07799c0769db312dc7462e3b05eb1da3823,HAER measured drawing sheet 6 ('Drawings from Survey'); rights advisory: 'No known restrictions on images made by the U.S. Government'; US Government work; 
raw/haer/ny1142/ny1142_sheet05.tif,https://tile.loc.gov/storage-services/master/pnp/habshaer/ny/ny1100/ny1142/sheet/00005a.tif,Public-Domain,https://www.loc.gov/rr/print/res/114_habs.html,"Historic American Engineering Record (National Park Service), HAER NY,52-WATMI,1-, Windmill at Water Mill, Montauk Highway & Halsey Lane, Water Mill, Suffolk County, NY. Library of Congress, https://www.loc.gov/item/ny1142/",2026-10-01T21:33:40Z,3b3a1f61da1c7984978758d95cfecdb91bad81e688a011078e4813d67b39aac0,HAER measured drawing sheet 5 ('Drawings from Survey'); rights advisory: 'No known restrictions on images made by the U.S. Government'; US Government work; 
raw/haer/ny1142/ny1142_sheet06.tif,https://tile.loc.gov/storage-services/master/pnp/habshaer/ny/ny1100/ny1142/sheet/00006a.tif,Public-Domain,https://www.loc.gov/rr/print/res/114_habs.html,"Historic American Engineering Record (National Park Service), HAER NY,52-WATMI,1-, Windmill at Water Mill, Montauk Highway & Halsey Lane, Water Mill, Suffolk County, NY. Library of Congress, https://www.loc.gov/item/ny1142/",2026-10-01T21:33:42Z,0b8bdfcb16894c91116f636c313f8183121ff9ff898a874b8c51529e05f174b1,HAER measured drawing sheet 6 ('Drawings from Survey'); rights advisory: 'No known restrictions on images made by the U.S. Government'; US Government work; 
raw/haer/ny1247/ny1247_sheet06.tif,https://tile.loc.gov/storage-services/master/pnp/habshaer/ny/ny1200/ny1247/sheet/00006a.tif,Public-Domain,https://www.loc.gov/rr/print/res/114_habs.html,"Historic American Engineering Record (National Park Service), HAER NY,52-HAMTE,2-, Hook Windmill, North Main Street at Pantigo Road, East Hampton, Suffolk County, NY. Library of Congress, https://www.loc.gov/item/ny1247/",2026-10-01T21:33:43Z,65b62d70dd510c4210b363c52633122e10feccd201dd45e35b790eb5770d016e,HAER measured drawing sheet 6 ('Drawings from Survey'); rights advisory: 'No known restrictions on images made by the U.S. Government'; US Government work; 
raw/haer/ny1248/ny1248_sheet07.tif,https://tile.loc.gov/storage-services/master/pnp/habshaer/ny/ny1200/ny1248/sheet/00007a.tif,Public-Domain,https://www.loc.gov/rr/print/res/114_habs.html,"Historic American Engineering Record (National Park Service), HAER NY,52-LOHA,2-, Lefferts Tide Mill, Huntington Harbor, Southdown Road, Huntington, Suffolk County, NY. Library of Congress, https://www.loc.gov/item/ny1248/",2026-10-01T21:33:45Z,23182f0204e18bfce88b05c73a48b62ecd08cbf955df9d08a29cbc66dceab25d,HAER measured drawing sheet 7 ('Drawings from Survey'); rights advisory: 'No known restrictions on images made by the U.S. Government'; US Government work; 
raw/haer/ny1248/ny1248_sheet08.tif,https://tile.loc.gov/storage-services/master/pnp/habshaer/ny/ny1200/ny1248/sheet/00008a.tif,Public-Domain,https://www.loc.gov/rr/print/res/114_habs.html,"Historic American Engineering Record (National Park Service), HAER NY,52-LOHA,2-, Lefferts Tide Mill, Huntington Harbor, Southdown Road, Huntington, Suffolk County, NY. Library of Congress, https://www.loc.gov/item/ny1248/",2026-10-01T21:33:46Z,1870d9fab7e113fc7bfd8c3485cbb31d9336ab4226f42c204209b91a48e88116,HAER measured drawing sheet 8 ('Drawings from Survey'); rights advisory: 'No known restrictions on images made by the U.S. Government'; US Government work; 
raw/haer/ny1584/ny1584_sheet08.tif,https://tile.loc.gov/storage-services/master/pnp/habshaer/ny/ny1500/ny1584/sheet/00008a.tif,Public-Domain,https://www.loc.gov/rr/print/res/114_habs.html,"Historic American Engineering Record (National Park Service), HAER NY,15-LACK,1-, Bethlehem Steel Corporation, Lackawanna Plant, Route 5 on Lake Erie, Buffalo, Erie County, NY. Library of Congress, https://www.loc.gov/item/ny1584/",2026-10-01T21:33:48Z,8de9c56b494fcb94149f82e5e00c432ac5f2096992c8af1d0ad6529f3ea74c3b,HAER measured drawing sheet 8 ('Drawings from Survey'); rights advisory: 'No known restrictions on images made by the U.S. Government'; US Government work; 
raw/haer/or0449/or0449_sheet11.tif,https://tile.loc.gov/storage-services/master/pnp/habshaer/or/or0400/or0449/sheet/00011a.tif,Public-Domain,https://www.loc.gov/rr/print/res/114_habs.html,"Historic American Engineering Record (National Park Service), HAER ORE,2-MONR,1-, Hull-Oakes Lumber Company, 23837 Dawson Road, Monroe, Benton County, OR. Library of Congress, https://www.loc.gov/item/or0449/",2026-10-01T21:33:50Z,67314cc383a3518073d06d2fbbd5ae4044e2e554ef8deeae0be6d72ffb3448df,HAER measured drawing sheet 11 ('Drawings from Survey'); rights advisory: 'No known restrictions on images made by the U.S. Government'; US Government work; 
raw/haer/pa1337/pa1337_sheet08.tif,https://tile.loc.gov/storage-services/master/pnp/habshaer/pa/pa1300/pa1337/sheet/00008a.tif,Public-Domain,https://www.loc.gov/rr/print/res/114_habs.html,"Historic American Engineering Record (National Park Service), HAER PA,39-LYNVI.V,1-, Betz's Mill, Bausch Road on Switzer Creek, 1.5 miles southeast of Lynnville, Lynnville, Lehigh County, PA. Library of Congress, https://www.loc.gov/item/pa1337/",2026-10-01T21:33:52Z,029fddfac8aecbc5c81905c00b53eb7b4c2aa6ba17168c1338e6c6eb55acb4f5,"HAER measured drawing sheet 8 ('Drawings from Survey'); rights advisory: 'No known restrictions on images made by the U.S. Government'; US Government work; delineators: Bowie, John R, delineator"
raw/haer/pa1337/pa1337_sheet09.tif,https://tile.loc.gov/storage-services/master/pnp/habshaer/pa/pa1300/pa1337/sheet/00009a.tif,Public-Domain,https://www.loc.gov/rr/print/res/114_habs.html,"Historic American Engineering Record (National Park Service), HAER PA,39-LYNVI.V,1-, Betz's Mill, Bausch Road on Switzer Creek, 1.5 miles southeast of Lynnville, Lynnville, Lehigh County, PA. Library of Congress, https://www.loc.gov/item/pa1337/",2026-10-01T21:33:54Z,e63ef818ebd3f305e25b5f9c8fa95489674665f9be1b699da228162ec62727d3,"HAER measured drawing sheet 9 ('Drawings from Survey'); rights advisory: 'No known restrictions on images made by the U.S. Government'; US Government work; delineators: Bowie, John R, delineator"
raw/haer/pa1750/pa1750_sheet24.tif,https://tile.loc.gov/storage-services/master/pnp/habshaer/pa/pa1700/pa1750/sheet/00024a.tif,Public-Domain,https://www.loc.gov/rr/print/res/114_habs.html,"Historic American Engineering Record (National Park Service), HAER PA,15-SAPE.V,1-, Mount Pleasant Grist Mill, Warwick Furnace & County Park Roads, Saint Peters, Chester County, PA. Library of Congress, https://www.loc.gov/item/pa1750/",2026-10-01T21:33:56Z,9084ba4eb1b3b318c1c67cf5f17268f86de9801fcf49a916a23c0392d7607d56,"HAER measured drawing sheet 24 ('Drawings from Survey'); rights advisory: 'No known restrictions on images made by the U.S. Government'; US Government work; delineators: Bowie, John R, delineator"
raw/haer/pa1778/pa1778_sheet09.tif,https://tile.loc.gov/storage-services/master/pnp/habshaer/pa/pa1700/pa1778/sheet/00009a.tif,Public-Domain,https://www.loc.gov/rr/print/res/114_habs.html,"Historic American Engineering Record (National Park Service), HAER PA,2-DUQU,3-, U.S. Steel Duquesne Works, West bank of Monongahela River along State Route 837, Duquesne, Allegheny County, PA. Library of Congress, https://www.loc.gov/item/pa1778/",2026-10-01T21:34:01Z,240eae12bec683807832ea159cfc25499a13f8d006e6bc4ffa06c71456d65c8e,"HAER measured drawing sheet 9 ('Drawings from Survey'); rights advisory: 'No known restrictions on images made by the U.S. Government'; US Government work; delineators: Severance, Matthew B., delineator; Winarska, Joanna, delineator"
raw/haer/pa1778/pa1778_sheet10.tif,https://tile.loc.gov/storage-services/master/pnp/habshaer/pa/pa1700/pa1778/sheet/00010a.tif,Public-Domain,https://www.loc.gov/rr/print/res/114_habs.html,"Historic American Engineering Record (National Park Service), HAER PA,2-DUQU,3-, U.S. Steel Duquesne Works, West bank of Monongahela River along State Route 837, Duquesne, Allegheny County, PA. Library of Congress, https://www.loc.gov/item/pa1778/",2026-10-01T21:34:02Z,0df050667b7cb1871af8e8e5f2fc6b5ffd7fcfaa725f9a9d0eeac895d2c54503,"HAER measured drawing sheet 10 ('Drawings from Survey'); rights advisory: 'No known restrictions on images made by the U.S. Government'; US Government work; delineators: Severance, Matthew B., delineator; Winarska, Joanna, delineator"
raw/haer/pa2171/pa2171_sheet01.tif,https://tile.loc.gov/storage-services/master/pnp/habshaer/pa/pa2100/pa2171/sheet/00001a.tif,Public-Domain,https://www.loc.gov/rr/print/res/114_habs.html,"Historic American Engineering Record (National Park Service), HAER PA,48-BETH,18A-, Bethlehem Steel Corporation, Forge Shop No. 1, Along Lehigh River, north of Fourth Street, west of Minsi Trail Bridge , Bethlehem, Northampton County, PA. Library of Congress, https://www.loc.gov/item/pa2171/",2026-10-01T21:34:04Z,fc38bf4fb4858f725a4814be36cda8a3ea424d2aca16c16a1d277cd87e285888,"HAER measured drawing sheet 1 ('Drawings from Survey'); rights advisory: 'No known restrictions on images made by the U.S. Government'; US Government work; delineators: Burdick, Pamela, delineator; Clanton, Scott, delineator; Eberly, John, delineator; Hareide, Inge, delineator"
raw/haer/pa2223/pa2223_sheet12.tif,https://tile.loc.gov/storage-services/master/pnp/habshaer/pa/pa2200/pa2223/sheet/00012a.tif,Public-Domain,https://www.loc.gov/rr/print/res/114_habs.html,"Historic American Engineering Record (National Park Service), HAER PA, 2-HOME,2-, U.S. Steel Homestead Works, Along Monongahela River, north of Eighth Avenue, Homestead, Allegheny County, PA. Library of Congress, https://www.loc.gov/item/pa2223/",2026-10-01T21:35:09Z,2633bff5dafbd97989748a4ea913dcb7fc1ff40022aad5804b5128edf8b3da83,"HAER measured drawing sheet 12 ('Drawings from Survey'); rights advisory: 'No known restrictions on images made by the U.S. Government'; US Government work; delineators: Marston, Christopher H., delineator; Schylter, Camilla, delineator; Williams, Patrick, delineator"
raw/haer/pa2223/pa2223_sheet13.tif,https://tile.loc.gov/storage-services/master/pnp/habshaer/pa/pa2200/pa2223/sheet/00013a.tif,Public-Domain,https://www.loc.gov/rr/print/res/114_habs.html,"Historic American Engineering Record (National Park Service), HAER PA, 2-HOME,2-, U.S. Steel Homestead Works, Along Monongahela River, north of Eighth Avenue, Homestead, Allegheny County, PA. Library of Congress, https://www.loc.gov/item/pa2223/",2026-10-01T21:35:11Z,78a3938558d3e76b7cccc54061d53fdc38ccfc0898350e368f6f8af13236bb5a,"HAER measured drawing sheet 13 ('Drawings from Survey'); rights advisory: 'No known restrictions on images made by the U.S. Government'; US Government work; delineators: Marston, Christopher H., delineator; Schylter, Camilla, delineator; Williams, Patrick, delineator"
raw/haer/pa2251/pa2251_sheet07.tif,https://tile.loc.gov/storage-services/master/pnp/habshaer/pa/pa2200/pa2251/sheet/00007a.tif,Public-Domain,https://www.loc.gov/rr/print/res/114_habs.html,"Historic American Engineering Record (National Park Service), HAER PA,40-ASH,1-, Huber Coal Breaker, 101 South Main Street, Ashley, Luzerne County, PA. Library of Congress, https://www.loc.gov/item/pa2251/",2026-10-01T21:35:12Z,e632997c7ba8363e2bbe0c28390256fa23c629ab86ef863437c81595417d6de9,HAER measured drawing sheet 7 ('Drawings from Survey'); rights advisory: 'No known restrictions on images made by the U.S. Government'; US Government work; 
raw/haer/pa2870/pa2870_sheet12.tif,https://tile.loc.gov/storage-services/master/pnp/habshaer/pa/pa2800/pa2870/sheet/00012a.tif,Public-Domain,https://www.loc.gov/rr/print/res/114_habs.html,"Historic American Engineering Record (National Park Service), HAER PA,26-CONL.V,1-, Connellsville Coal & Coke Region, Connellsville, Fayette County, PA. Library of Congress, https://www.loc.gov/item/pa2870/",2026-10-01T21:35:14Z,491f90f17e7115220595540f51abeb019555e21177fa90416d6225b094ac6220,"HAER measured drawing sheet 12 ('Drawings from Survey'); rights advisory: 'No known restrictions on images made by the U.S. Government'; US Government work; delineators: Conviser, Jack, delineator; Emmanuel, Rohinton, delineator; Fairbanks, Elizabeth, delineator; McGuane, Laurie E., delineator"
raw/haer/pa2870/pa2870_sheet13.tif,https://tile.loc.gov/storage-services/master/pnp/habshaer/pa/pa2800/pa2870/sheet/00013a.tif,Public-Domain,https://www.loc.gov/rr/print/res/114_habs.html,"Historic American Engineering Record (National Park Service), HAER PA,26-CONL.V,1-, Connellsville Coal & Coke Region, Connellsville, Fayette County, PA. Library of Congress, https://www.loc.gov/item/pa2870/",2026-10-01T21:35:15Z,0cc26393385fcc765e5c952e41f501c8409f5b4090e892c254725476ca1aedfe,"HAER measured drawing sheet 13 ('Drawings from Survey'); rights advisory: 'No known restrictions on images made by the U.S. Government'; US Government work; delineators: Conviser, Jack, delineator; Emmanuel, Rohinton, delineator; Fairbanks, Elizabeth, delineator; McGuane, Laurie E., delineator"
raw/haer/pa2948/pa2948_sheet06.tif,https://tile.loc.gov/storage-services/master/pnp/habshaer/pa/pa2900/pa2948/sheet/00006a.tif,Public-Domain,https://www.loc.gov/rr/print/res/114_habs.html,"Historic American Engineering Record (National Park Service), HAER PA,2-HOME,1-, Mesta 160-Inch Plate Mill, Defense Plant Corporation, Homestead Works, Homestead, Allegheny County, PA. Library of Congress, https://www.loc.gov/item/pa2948/",2026-10-01T21:35:17Z,0ca02d076cd84490d929bd26394bf02454537561ebfe6b558a81f1a857a557c6,"HAER measured drawing sheet 6 ('Drawings from Survey'); rights advisory: 'No known restrictions on images made by the U.S. Government'; US Government work; delineators: Price, Sandra, delineator; Ingram, Thomas, delineator; Blaire, Sean T., delineator; Ray-Fraser, Sean, delineator"
raw/haer/pa3370/pa3370_sheet06.tif,https://tile.loc.gov/storage-services/master/pnp/habshaer/pa/pa3300/pa3370/sheet/00006a.tif,Public-Domain,https://www.loc.gov/rr/print/res/114_habs.html,"Historic American Engineering Record (National Park Service), HAER PA,31-ROCFN,1A-, East Broad Top Railroad & Coal Company, Machine Shop, State Route 994, West of U.S. Route 522, Rockhill Furnace, Huntingdon County, PA. Library of Congress, https://www.loc.gov/item/pa3370/",2026-10-01T21:35:18Z,ab0f1d2d9acfd6ebae49ec8b64ee489e1cc03e3260d6e9885dc2d03f297844d8,"HAER measured drawing sheet 6 ('Drawings from Survey'); rights advisory: 'No known restrictions on images made by the U.S. Government'; US Government work; delineators: Moon, Tina, delineator; Pierce, Elaine, delineator; Casey, Beth, delineator; Reese, Pat, delineator; Steinrock, George, delineator; Skeet, P J, delineator"
raw/haer/pa3370/pa3370_sheet07.tif,https://tile.loc.gov/storage-services/master/pnp/habshaer/pa/pa3300/pa3370/sheet/00007a.tif,Public-Domain,https://www.loc.gov/rr/print/res/114_habs.html,"Historic American Engineering Record (National Park Service), HAER PA,31-ROCFN,1A-, East Broad Top Railroad & Coal Company, Machine Shop, State Route 994, West of U.S. Route 522, Rockhill Furnace, Huntingdon County, PA. Library of Congress, https://www.loc.gov/item/pa3370/",2026-10-01T21:35:20Z,37b40bb786abb55101a7e7eafd8066d0dd5d7981738e9e5bfdf786e050aa30ff,"HAER measured drawing sheet 7 ('Drawings from Survey'); rights advisory: 'No known restrictions on images made by the U.S. Government'; US Government work; delineators: Moon, Tina, delineator; Pierce, Elaine, delineator; Casey, Beth, delineator; Reese, Pat, delineator; Steinrock, George, delineator; Skeet, P J, delineator"
raw/haer/pa3551/pa3551_sheet03.tif,https://tile.loc.gov/storage-services/master/pnp/habshaer/pa/pa3500/pa3551/sheet/00003a.tif,Public-Domain,https://www.loc.gov/rr/print/res/114_habs.html,"Historic American Engineering Record (National Park Service), HAER PA,62-WAR,3-, Allegheny National Forest Oil Heritage, Warren, Warren County, PA. Library of Congress, https://www.loc.gov/item/pa3551/",2026-10-01T21:35:21Z,60fec52994097ae86c72b7915f8ded43e2a3a49684149a10036f479cf6f12505,"HAER measured drawing sheet 3 ('Drawings from Survey'); rights advisory: 'No known restrictions on images made by the U.S. Government'; US Government work; delineators: Lapins, Arturs, delineator; Boxley, Paul, delineator; Daley, Scott W., delineator; Hurst, Kara, delineator; McClung, Kevin, delineator"
raw/haer/pa3552/pa3552_sheet03.tif,https://tile.loc.gov/storage-services/master/pnp/habshaer/pa/pa3500/pa3552/sheet/00003a.tif,Public-Domain,https://www.loc.gov/rr/print/res/114_habs.html,"Historic American Engineering Record (National Park Service), HAER PA,42-KLON.V,1-, South Penn Oil Company, Mallory Lot 6 Lease, Watsonville Field, Klondike, McKean County, PA. Library of Congress, https://www.loc.gov/item/pa3552/",2026-10-01T21:35:23Z,2b89ff895b3223a8a3eb938aa2ee4b73d3f8b75b9a79f5209aec0f6aca54b516,"HAER measured drawing sheet 3 ('Drawings from Survey'); rights advisory: 'No known restrictions on images made by the U.S. Government'; US Government work; delineators: Lapins, Arturs, delineator; Boxley, Paul, delineator; Daley, Scott W., delineator; Hurst, Kara, delineator; McClung, Kevin, delineator"
raw/haer/pa3553/pa3553_sheet02.tif,https://tile.loc.gov/storage-services/master/pnp/habshaer/pa/pa3500/pa3553/sheet/00002a.tif,Public-Domain,https://www.loc.gov/rr/print/res/114_habs.html,"Historic American Engineering Record (National Park Service), HAER PA,62-CLAR.V,1-, South Penn Oil Company, G. M. Mead Lot 492 Lease, Morrison Run Field, Clarendon, Warren County, PA. Library of Congress, https://www.loc.gov/item/pa3553/",2026-10-01T21:35:25Z,e384ddc5952d2670f3ef5345812fb9532dede97f1fc4aed95bde8afd7402d0a2,"HAER measured drawing sheet 2 ('Drawings from Survey'); rights advisory: 'No known restrictions on images made by the U.S. Government'; US Government work; delineators: Lapins, Arturs, delineator; Boxley, Paul, delineator; Daley, Scott W., delineator; Hurst, Kara, delineator; McClung, Kevin, delineator"
raw/haer/pa3554/pa3554_sheet01.tif,https://tile.loc.gov/storage-services/master/pnp/habshaer/pa/pa3500/pa3554/sheet/00001a.tif,Public-Domain,https://www.loc.gov/rr/print/res/114_habs.html,"Historic American Engineering Record (National Park Service), HAER PA,62-WAR,4-, South Penn Oil Company, Lockwood Warrant 2921 Lease, Wardwell Field, Warren, Warren County, PA. Library of Congress, https://www.loc.gov/item/pa3554/",2026-10-01T21:35:26Z,1d23d96c88d353a7132501cb666566dcf99875980881c64b22c77892ced880e9,"HAER measured drawing sheet 1 ('Drawings from Survey'); rights advisory: 'No known restrictions on images made by the U.S. Government'; US Government work; delineators: Lapins, Arturs, delineator; Boxley, Paul, delineator; Daley, Scott W., delineator; Hurst, Kara, delineator; McClung, Kevin, delineator"
raw/haer/pa3555/pa3555_sheet02.tif,https://tile.loc.gov/storage-services/master/pnp/habshaer/pa/pa3500/pa3555/sheet/00002a.tif,Public-Domain,https://www.loc.gov/rr/print/res/114_habs.html,"Historic American Engineering Record (National Park Service), HAER PA,62-DONA.V,1-, Golden Oil Company, Lot 410 Lease, Sheffield Field, Donaldson, Warren County, PA. Library of Congress, https://www.loc.gov/item/pa3555/",2026-10-01T21:35:28Z,1b9250caae9644e1470ac2e17973cf8aa92d074630f4d53bced2cc42e80446dc,"HAER measured drawing sheet 2 ('Drawings from Survey'); rights advisory: 'No known restrictions on images made by the U.S. Government'; US Government work; delineators: Lapins, Arturs, delineator; Boxley, Paul, delineator; Daley, Scott W., delineator; Hurst, Kara, delineator; McClung, Kevin, delineator"
raw/haer/pa3556/pa3556_sheet02.tif,https://tile.loc.gov/storage-services/master/pnp/habshaer/pa/pa3500/pa3556/sheet/00002a.tif,Public-Domain,https://www.loc.gov/rr/print/res/114_habs.html,"Historic American Engineering Record (National Park Service), HAER PA,62-TIO.V,1-, Geer-Tiona Lot 202 Lease, Tiona Field, Tiona, Warren County, PA. Library of Congress, https://www.loc.gov/item/pa3556/",2026-10-01T21:35:29Z,1048d44c34721abc6a2a3d73f665a1ba5fe9b21ba8f3e41a856b0b0cced93510,"HAER measured drawing sheet 2 ('Drawings from Survey'); rights advisory: 'No known restrictions on images made by the U.S. Government'; US Government work; delineators: Lapins, Arturs, delineator; Boxley, Paul, delineator; Daley, Scott W., delineator; Hurst, Kara, delineator; McClung, Kevin, delineator"
raw/haer/pr0016/pr0016_sheet03.tif,https://tile.loc.gov/storage-services/master/pnp/habshaer/pr/pr0000/pr0016/sheet/00003a.tif,Public-Domain,https://www.loc.gov/rr/print/res/114_habs.html,"Historic American Engineering Record (National Park Service), HAER PR,55-MANA,1A-, Hacienda Azucarera La Esperanza, Steam Engine & Mill, 2.65 Mi. N of PR Rt. 2 Bridge over Manati River, Manati, Manati Municipio, PR. Library of Congress, https://www.loc.gov/item/pr0016/",2026-10-01T21:35:32Z,403561487189704ec44b078b1f08d205117cf89a2fec8f7478b01d6d3df25daf,"HAER measured drawing sheet 3 ('Drawings from Survey'); rights advisory: 'No known restrictions on images made by the U.S. Government'; US Government work; delineators: Freeman, R Belmont, Jr, delineator; Yasuda, Beverly, delineator; del Cueto, Beatriz, delineator"
raw/haer/pr0016/pr0016_sheet04.tif,https://tile.loc.gov/storage-services/master/pnp/habshaer/pr/pr0000/pr0016/sheet/00004a.tif,Public-Domain,https://www.loc.gov/rr/print/res/114_habs.html,"Historic American Engineering Record (National Park Service), HAER PR,55-MANA,1A-, Hacienda Azucarera La Esperanza, Steam Engine & Mill, 2.65 Mi. N of PR Rt. 2 Bridge over Manati River, Manati, Manati Municipio, PR. Library of Congress, https://www.loc.gov/item/pr0016/",2026-10-01T21:35:34Z,bc996c37f719398293a36324cb2dfe67b61d21c6a8dea66a940331a224931957,"HAER measured drawing sheet 4 ('Drawings from Survey'); rights advisory: 'No known restrictions on images made by the U.S. Government'; US Government work; delineators: Freeman, R Belmont, Jr, delineator; Yasuda, Beverly, delineator; del Cueto, Beatriz, delineator"
raw/haer/pr0029/pr0029_sheet04.tif,https://tile.loc.gov/storage-services/master/pnp/habshaer/pr/pr0000/pr0029/sheet/00004a.tif,Public-Domain,https://www.loc.gov/rr/print/res/114_habs.html,"Historic American Engineering Record (National Park Service), HAER PR,11-VICT,1A-, Hacienda Azucarera La Concepcion, Sugar Mill Ruins, .3 Mi. W. of Junction of Rts. 418 & 111, Victoria, Aguadilla Municipio, PR. Library of Congress, https://www.loc.gov/item/pr0029/",2026-10-01T21:35:35Z,cb1d9963ca95b799c6bfe81f0d16d8bca1f66d3502c3fd001c0079a9ad7fb62f,"HAER measured drawing sheet 4 ('Drawings from Survey'); rights advisory: 'No known restrictions on images made by the U.S. Government'; US Government work; delineators: Freeman, Belmont, delineator; del Cueto, Beatriz, delineator; Yasuda, Beverly, delineator"
raw/haer/pr0031/pr0031_sheet05.tif,https://tile.loc.gov/storage-services/master/pnp/habshaer/pr/pr0000/pr0031/sheet/00005a.tif,Public-Domain,https://www.loc.gov/rr/print/res/114_habs.html,"Historic American Engineering Record (National Park Service), HAER PR,35-GUAN.V,1A-, Hacienda Azucarera la Igualdad, Sugar Mill Ruins & Steam Engine, PR Route 332, Guanica, Guanica Municipio, PR. Library of Congress, https://www.loc.gov/item/pr0031/",2026-10-01T21:35:36Z,63523a3f02e2e7e893ed8f7b2957cbe58f64e5296cde33c04557b76deaac850f,"HAER measured drawing sheet 5 ('Drawings from Survey'); rights advisory: 'No known restrictions on images made by the U.S. Government'; US Government work; delineators: Egbert, Charles F. D., delineator; Valle, Reinhard A., delineator; Fraga, Robert, delineator; Howard, Richard A., delineator"
raw/haer/pr0031/pr0031_sheet06.tif,https://tile.loc.gov/storage-services/master/pnp/habshaer/pr/pr0000/pr0031/sheet/00006a.tif,Public-Domain,https://www.loc.gov/rr/print/res/114_habs.html,"Historic American Engineering Record (National Park Service), HAER PR,35-GUAN.V,1A-, Hacienda Azucarera la Igualdad, Sugar Mill Ruins & Steam Engine, PR Route 332, Guanica, Guanica Municipio, PR. Library of Congress, https://www.loc.gov/item/pr0031/",2026-10-01T21:35:41Z,4d89395e3c7688e9ad07cff210cb8ee4022e3145c9f17fd5f642902e77cd1bc0,"HAER measured drawing sheet 6 ('Drawings from Survey'); rights advisory: 'No known restrictions on images made by the U.S. Government'; US Government work; delineators: Egbert, Charles F. D., delineator; Valle, Reinhard A., delineator; Fraga, Robert, delineator; Howard, Richard A., delineator"
raw/haer/tn0249/tn0249_sheet04.tif,https://tile.loc.gov/storage-services/master/pnp/habshaer/tn/tn0200/tn0249/sheet/00004a.tif,Public-Domain,https://www.loc.gov/rr/print/res/114_habs.html,"Historic American Engineering Record (National Park Service), HAER TENN,82-KINPO,2-B-, Holston Army Ammunition Plant, RDX-and-Composition-B Manufacturing Line 9, Kingsport, Sullivan County, TN. Library of Congress, https://www.loc.gov/item/tn0249/",2026-10-01T21:35:42Z,f32685f4bae6badd079fbe70e23923ddd08629a08df098303eed669d733c4ae5,HAER measured drawing sheet 4 ('Drawings from Survey'); rights advisory: 'No known restrictions on images made by the U.S. Government'; US Government work; 
raw/haer/tn0249/tn0249_sheet05.tif,https://tile.loc.gov/storage-services/master/pnp/habshaer/tn/tn0200/tn0249/sheet/00005a.tif,Public-Domain,https://www.loc.gov/rr/print/res/114_habs.html,"Historic American Engineering Record (National Park Service), HAER TENN,82-KINPO,2-B-, Holston Army Ammunition Plant, RDX-and-Composition-B Manufacturing Line 9, Kingsport, Sullivan County, TN. Library of Congress, https://www.loc.gov/item/tn0249/",2026-10-01T21:35:44Z,1b7124ad47e17c18f5879fd54246d40b8c83b91d07f6e4b8a7b95acbb50f458c,HAER measured drawing sheet 5 ('Drawings from Survey'); rights advisory: 'No known restrictions on images made by the U.S. Government'; US Government work; 
raw/haer/tx0555/tx0555_sheet08.tif,https://tile.loc.gov/storage-services/master/pnp/habshaer/tx/tx0500/tx0555/sheet/00008a.tif,Public-Domain,https://www.loc.gov/rr/print/res/114_habs.html,"Historic American Engineering Record (National Park Service), HAER TEX,186-SHEF.V,1-, Canon Ranch Eclipse Windmill, Sheffield, Pecos County, TX. Library of Congress, https://www.loc.gov/item/tx0555/",2026-10-01T21:35:46Z,0840358eacc6baafb0b6b37e85df36c848ad41ad0cecb21a1d501d3f91998bdb,HAER measured drawing sheet 8 ('Drawings from Survey'); rights advisory: 'No known restrictions on images made by the U.S. Government'; US Government work; 
raw/haer/tx0555/tx0555_sheet09.tif,https://tile.loc.gov/storage-services/master/pnp/habshaer/tx/tx0500/tx0555/sheet/00009a.tif,Public-Domain,https://www.loc.gov/rr/print/res/114_habs.html,"Historic American Engineering Record (National Park Service), HAER TEX,186-SHEF.V,1-, Canon Ranch Eclipse Windmill, Sheffield, Pecos County, TX. Library of Congress, https://www.loc.gov/item/tx0555/",2026-10-01T21:35:47Z,3d6981b862c4c4cae27f4bb0dafe934e3918d040d0dfc53bfe02c8a30bde4885,HAER measured drawing sheet 9 ('Drawings from Survey'); rights advisory: 'No known restrictions on images made by the U.S. Government'; US Government work; 
raw/haer/ut0119/ut0119_sheet04.tif,https://tile.loc.gov/storage-services/master/pnp/habshaer/ut/ut0100/ut0119/sheet/00004a.tif,Public-Domain,https://www.loc.gov/rr/print/res/114_habs.html,"Historic American Engineering Record (National Park Service), HAER UTAH,25-OREM.V,2-, Telluride Power Company, Olmsted Hydroelectric Plant, Mouth of Provo River Canyon West of U.S. Route 189, Orem, Utah County, UT. Library of Congress, https://www.loc.gov/item/ut0119/",2026-10-01T21:35:49Z,9bed5a33e156ab53e645db5245381b6195fee903791f484c548ba09b151aa8bd,HAER measured drawing sheet 4 ('Drawings from Survey'); rights advisory: 'No known restrictions on images made by the U.S. Government'; US Government work; 
raw/haer/ut0119/ut0119_sheet05.tif,https://tile.loc.gov/storage-services/master/pnp/habshaer/ut/ut0100/ut0119/sheet/00005a.tif,Public-Domain,https://www.loc.gov/rr/print/res/114_habs.html,"Historic American Engineering Record (National Park Service), HAER UTAH,25-OREM.V,2-, Telluride Power Company, Olmsted Hydroelectric Plant, Mouth of Provo River Canyon West of U.S. Route 189, Orem, Utah County, UT. Library of Congress, https://www.loc.gov/item/ut0119/",2026-10-01T21:35:50Z,b64fc6389f693bc06556f58321ca766873602237a67f1e5a0a7b43e7f699f109,HAER measured drawing sheet 5 ('Drawings from Survey'); rights advisory: 'No known restrictions on images made by the U.S. Government'; US Government work; 
raw/haer/vi0008/vi0008_sheet02.tif,https://tile.loc.gov/storage-services/master/pnp/habshaer/vi/vi0000/vi0008/sheet/00002a.tif,Public-Domain,https://www.loc.gov/rr/print/res/114_habs.html,"Historic American Engineering Record (National Park Service), HAER VI,2-REBA,1C-, Estate Reef Bay, Sugar Factory, Reef Bay, St. John, VI. Library of Congress, https://www.loc.gov/item/vi0008/",2026-10-01T21:35:51Z,1ba00fe722e6bf6b8785c73eeb0b1aa2a4d83192f13b8f6bcc44b04e69338de6,"HAER measured drawing sheet 2 ('Drawings from Survey'); rights advisory: 'No known restrictions on images made by the U.S. Government'; US Government work; delineators: Long, Chalmers G., Jr., delineator; Fraser, Hugh, delineator"
raw/haer/vi0008/vi0008_sheet03.tif,https://tile.loc.gov/storage-services/master/pnp/habshaer/vi/vi0000/vi0008/sheet/00003a.tif,Public-Domain,https://www.loc.gov/rr/print/res/114_habs.html,"Historic American Engineering Record (National Park Service), HAER VI,2-REBA,1C-, Estate Reef Bay, Sugar Factory, Reef Bay, St. John, VI. Library of Congress, https://www.loc.gov/item/vi0008/",2026-10-01T21:35:53Z,bb3f20d72f0c399296955f8f76ca64af67bcd743f14b1c90fedefe6669b527f2,"HAER measured drawing sheet 3 ('Drawings from Survey'); rights advisory: 'No known restrictions on images made by the U.S. Government'; US Government work; delineators: Long, Chalmers G., Jr., delineator; Fraser, Hugh, delineator"
raw/haer/vi0012/vi0012_sheet04.tif,https://tile.loc.gov/storage-services/master/pnp/habshaer/vi/vi0000/vi0012/sheet/00004a.tif,Public-Domain,https://www.loc.gov/rr/print/res/114_habs.html,"Historic American Engineering Record (National Park Service), HAER VI,1-KING,2-A-, Estate Clifton Hill, Sugar Factory & Rum Distillery, South Central Street, Christiansted, St. Croix, VI. Library of Congress, https://www.loc.gov/item/vi0012/",2026-10-01T21:35:54Z,c65d98477b3d7962e04ed397db124554ad674ccbed6bbf74e12cfdb8f59d8a27,"HAER measured drawing sheet 4 ('Drawings from Survey'); rights advisory: 'No known restrictions on images made by the U.S. Government'; US Government work; delineators: Hoeft, Kathleen S, delineator; Fraser, Hugh, delineator; Long, Chalmers G, Jr, delineator; Evins, John, delineator"
raw/haer/vi0012/vi0012_sheet05.tif,https://tile.loc.gov/storage-services/master/pnp/habshaer/vi/vi0000/vi0012/sheet/00005a.tif,Public-Domain,https://www.loc.gov/rr/print/res/114_habs.html,"Historic American Engineering Record (National Park Service), HAER VI,1-KING,2-A-, Estate Clifton Hill, Sugar Factory & Rum Distillery, South Central Street, Christiansted, St. Croix, VI. Library of Congress, https://www.loc.gov/item/vi0012/",2026-10-01T21:35:56Z,18fa12c6fd6adae921b385b8df660823a65c34f9933a2f532ce13dddaec5cc9c,"HAER measured drawing sheet 5 ('Drawings from Survey'); rights advisory: 'No known restrictions on images made by the U.S. Government'; US Government work; delineators: Hoeft, Kathleen S, delineator; Fraser, Hugh, delineator; Long, Chalmers G, Jr, delineator; Evins, John, delineator"
raw/haer/vi0026/vi0026_sheet08.tif,https://tile.loc.gov/storage-services/master/pnp/habshaer/vi/vi0000/vi0026/sheet/00008a.tif,Public-Domain,https://www.loc.gov/rr/print/res/114_habs.html,"Historic American Engineering Record (National Park Service), HAER VI,3-HASI,1-, Creque Marine Railway, Charlotte Amalie, St. Thomas, VI. Library of Congress, https://www.loc.gov/item/vi0026/",2026-10-01T21:35:58Z,58f13f11d707ca6739430624f3c3a489cf037816733b0c8eb4bccec5c780041c,"HAER measured drawing sheet 8 ('Drawings from Survey'); rights advisory: 'No known restrictions on images made by the U.S. Government'; US Government work; delineators: Long, Chalmers G, Jr, delineator; Hoeft, Kathleen S, delineator; Evins, John, delineator"
raw/haer/vi0026/vi0026_sheet09.tif,https://tile.loc.gov/storage-services/master/pnp/habshaer/vi/vi0000/vi0026/sheet/00009a.tif,Public-Domain,https://www.loc.gov/rr/print/res/114_habs.html,"Historic American Engineering Record (National Park Service), HAER VI,3-HASI,1-, Creque Marine Railway, Charlotte Amalie, St. Thomas, VI. Library of Congress, https://www.loc.gov/item/vi0026/",2026-10-01T21:35:59Z,e82996c7ed8dbac3bb2e3c315af49f7a9b11e771829ded806723ed8bb70b1d6b,"HAER measured drawing sheet 9 ('Drawings from Survey'); rights advisory: 'No known restrictions on images made by the U.S. Government'; US Government work; delineators: Long, Chalmers G, Jr, delineator; Hoeft, Kathleen S, delineator; Evins, John, delineator"
raw/haer/vi0077/vi0077_sheet02.tif,https://tile.loc.gov/storage-services/master/pnp/habshaer/vi/vi0000/vi0077/sheet/00002a.tif,Public-Domain,https://www.loc.gov/rr/print/res/114_habs.html,"Historic American Engineering Record (National Park Service), HAER VI,1-WEST,1C-, Estate Whim, Overhead Crank Steam Engine & Cane Mill, Westend Quarter, Centerline Road, Frederiksted, St. Croix, VI. Library of Congress, https://www.loc.gov/item/vi0077/",2026-10-01T21:36:01Z,400aa60881564da9fa491fe3e0088385d35f0b7a331486d549587002d1bd88f8,"HAER measured drawing sheet 2 ('Drawings from Survey'); rights advisory: 'No known restrictions on images made by the U.S. Government'; US Government work; delineators: Hoeft, Kathleen S., delineator"
raw/haer/vi0081/vi0081_sheet03.tif,https://tile.loc.gov/storage-services/master/pnp/habshaer/vi/vi0000/vi0081/sheet/00003a.tif,Public-Domain,https://www.loc.gov/rr/print/res/114_habs.html,"Historic American Engineering Record (National Park Service), HAER VI,1-NORT,1-A-, Estate Rust-Op-Twist, Steam Engine & Cane Mill, Christiansted, St. Croix, VI. Library of Congress, https://www.loc.gov/item/vi0081/",2026-10-01T21:36:02Z,8e8c80130085b22c0b59509737179935059d88f3847c8cf78db3dfb0f601c6e9,"HAER measured drawing sheet 3 ('Drawings from Survey'); rights advisory: 'No known restrictions on images made by the U.S. Government'; US Government work; delineators: Hoeft, Kathleen S, delineator; Long, Chalmers G, Jr, delineator; Evins, John, delineator; Fraser, Hugh, delineator"
raw/haer/vi0081/vi0081_sheet04.tif,https://tile.loc.gov/storage-services/master/pnp/habshaer/vi/vi0000/vi0081/sheet/00004a.tif,Public-Domain,https://www.loc.gov/rr/print/res/114_habs.html,"Historic American Engineering Record (National Park Service), HAER VI,1-NORT,1-A-, Estate Rust-Op-Twist, Steam Engine & Cane Mill, Christiansted, St. Croix, VI. Library of Congress, https://www.loc.gov/item/vi0081/",2026-10-01T21:36:05Z,fd3e613bbed2d77e6a4640790efc70452c6e842d92f6c97bf27ef49484035470,"HAER measured drawing sheet 4 ('Drawings from Survey'); rights advisory: 'No known restrictions on images made by the U.S. Government'; US Government work; delineators: Hoeft, Kathleen S, delineator; Long, Chalmers G, Jr, delineator; Evins, John, delineator; Fraser, Hugh, delineator"
raw/haer/vt0013/vt0013_sheet11.tif,https://tile.loc.gov/storage-services/master/pnp/habshaer/vt/vt0000/vt0013/sheet/00011a.tif,Public-Domain,https://www.loc.gov/rr/print/res/114_habs.html,"Historic American Engineering Record (National Park Service), HAER VT,3-BACEN,1-, Ben Thresher's Mill, State Aid No. 1, Barnet, Caledonia County, VT. Library of Congress, https://www.loc.gov/item/vt0013/",2026-10-01T21:36:07Z,fa5006c80a84a14c3bdf03a147008721380b927f4616834c5b21ea177fd0ca8b,HAER measured drawing sheet 11 ('Drawings from Survey'); rights advisory: 'No known restrictions on images made by the U.S. Government'; US Government work; 
raw/haer/vt0134/vt0134_sheet10.tif,https://tile.loc.gov/storage-services/master/pnp/habshaer/vt/vt0100/vt0134/sheet/00010a.tif,Public-Domain,https://www.loc.gov/rr/print/res/114_habs.html,"Historic American Engineering Record (National Park Service), HAER VT-38, Mad River Glen, Single Chair Ski Lift, 62 Mad River Glen Resort Road, Fayston, Washington County, VT. Library of Congress, https://www.loc.gov/item/vt0134/",2026-10-01T21:36:10Z,e693beb3de3921c012a81c2342d5c24c5a4f0b33e43ac7251438fcd44de331ab,HAER measured drawing sheet 10 ('Drawings from Survey'); rights advisory: 'No known restrictions on images made by the U.S. Government'; US Government work; 
raw/haer/vt0163/vt0163_sheet11.tif,https://tile.loc.gov/storage-services/master/pnp/habshaer/vt/vt0100/vt0163/sheet/00011a.tif,Public-Domain,https://www.loc.gov/rr/print/res/114_habs.html,"Historic American Engineering Record (National Park Service), HAER VT-39, Robbins & Lawrence Armory, 196 Main Street, Windsor, Windsor County, VT. Library of Congress, https://www.loc.gov/item/vt0163/",2026-10-01T21:36:12Z,e83e5311508aa9779a8057f833038a77eee7ce0f0109621f1570ac95f74ebde0,"HAER measured drawing sheet 11 ('Drawings from Survey'); rights advisory: 'No known restrictions on images made by the U.S. Government'; US Government work; delineators: Carpenito, Jessica, delineator; Osorio, German, delineator; Sardadi, Arvi, delineator; Wickham, Russell C., delineator; Gorokhov, Pavel, delineator"
raw/haer/wa0169/wa0169_sheet08.tif,https://tile.loc.gov/storage-services/master/pnp/habshaer/wa/wa0100/wa0169/sheet/00008a.tif,Public-Domain,https://www.loc.gov/rr/print/res/114_habs.html,"Historic American Engineering Record (National Park Service), HAER WASH,17-SEAT,2-, Georgetown Steam Plant, South Warsaw Street, King County Airport, Seattle, King County, WA. Library of Congress, https://www.loc.gov/item/wa0169/",2026-10-01T21:36:13Z,4a365762e6d688dfe0e78a20dc555fdfccdf79c9eecd850737dec5e7b08fb3ea,HAER measured drawing sheet 8 ('Drawings from Survey'); rights advisory: 'No known restrictions on images made by the U.S. Government'; US Government work; 
raw/haer/wa0335/wa0335_sheet05.tif,https://tile.loc.gov/storage-services/master/pnp/habshaer/wa/wa0300/wa0335/sheet/00005a.tif,Public-Domain,https://www.loc.gov/rr/print/res/114_habs.html,"Historic American Engineering Record (National Park Service), HAER WASH,37-NEHA.V,1-D-, Skagit Power Development, Diablo Powerhouse, On Skagit River, 6.1 miles upstream from Newhalem, Newhalem, Whatcom County, WA. Library of Congress, https://www.loc.gov/item/wa0335/",2026-10-01T21:36:14Z,8f218adc81977e47685da2d64dcc859d1501fa81c8c0bfb3504a50b6384b74f6,"HAER measured drawing sheet 5 ('Drawings from Survey'); rights advisory: 'No known restrictions on images made by the U.S. Government'; US Government work; delineators: DeMartelaere, Dione M, delineator; Hofer, Orsolya Y, delineator; Pancoast, Douglas, delineator"
raw/haer/wa0335/wa0335_sheet06.tif,https://tile.loc.gov/storage-services/master/pnp/habshaer/wa/wa0300/wa0335/sheet/00006a.tif,Public-Domain,https://www.loc.gov/rr/print/res/114_habs.html,"Historic American Engineering Record (National Park Service), HAER WASH,37-NEHA.V,1-D-, Skagit Power Development, Diablo Powerhouse, On Skagit River, 6.1 miles upstream from Newhalem, Newhalem, Whatcom County, WA. Library of Congress, https://www.loc.gov/item/wa0335/",2026-10-01T21:36:16Z,f25a013c2efef699f28a92bc6c370a83267d794b9db03464405dcd2e036c1296,"HAER measured drawing sheet 6 ('Drawings from Survey'); rights advisory: 'No known restrictions on images made by the U.S. Government'; US Government work; delineators: DeMartelaere, Dione M, delineator; Hofer, Orsolya Y, delineator; Pancoast, Douglas, delineator"
raw/haer/wa0374/wa0374_sheet24.tif,https://tile.loc.gov/storage-services/master/pnp/habshaer/wa/wa0300/wa0374/sheet/00024a.tif,Public-Domain,https://www.loc.gov/rr/print/res/114_habs.html,"Historic American Engineering Record (National Park Service), HAER WASH,27-DIER,1-, Puget Sound Power & Light Company, White River Hydroelectric Project, 600 North River Avenue, Dieringer, Pierce County, WA. Library of Congress, https://www.loc.gov/item/wa0374/",2026-10-01T21:36:17Z,f65f5dc2a87eb5b8480fd101428f11c0c34289862c3d0e65efd6835f66b32f80,"HAER measured drawing sheet 24 ('Drawings from Survey'); rights advisory: 'No known restrictions on images made by the U.S. Government'; US Government work; delineators: Argueta, Flor De Maria, delineator"
raw/haer/wa0374/wa0374_sheet25.tif,https://tile.loc.gov/storage-services/master/pnp/habshaer/wa/wa0300/wa0374/sheet/00025a.tif,Public-Domain,https://www.loc.gov/rr/print/res/114_habs.html,"Historic American Engineering Record (National Park Service), HAER WASH,27-DIER,1-, Puget Sound Power & Light Company, White River Hydroelectric Project, 600 North River Avenue, Dieringer, Pierce County, WA. Library of Congress, https://www.loc.gov/item/wa0374/",2026-10-01T21:36:19Z,210061b2a9273c10b5f0cacded9bcd7cd8011e842ea49796fd83df5010658135,"HAER measured drawing sheet 25 ('Drawings from Survey'); rights advisory: 'No known restrictions on images made by the U.S. Government'; US Government work; delineators: Argueta, Flor De Maria, delineator"
raw/haer/wa0747/wa0747_sheet05.tif,https://tile.loc.gov/storage-services/master/pnp/habshaer/wa/wa0700/wa0747/sheet/00005a.tif,Public-Domain,https://www.loc.gov/rr/print/res/114_habs.html,"Historic American Engineering Record (National Park Service), HAER WA-175, Lightship No. 83, South Lake Union Pier, Seattle, King County, WA. Library of Congress, https://www.loc.gov/item/wa0747/",2026-10-01T21:36:22Z,a40d9914b51fad302a9f2e50b9d47bf72d29d08710648caebdbaa01d8d7e581a,HAER measured drawing sheet 5 ('Drawings from Survey'); rights advisory: 'No known restrictions on images made by the U.S. Government'; US Government work; 
raw/haer/wv0108/wv0108_sheet05.tif,https://tile.loc.gov/storage-services/master/pnp/habshaer/wv/wv0100/wv0108/sheet/00005a.tif,Public-Domain,https://www.loc.gov/rr/print/res/114_habs.html,"Historic American Engineering Record (National Park Service), HAER WVA,43-PETRO.V,1-, West Oil Company Endless Wire Pumping Station, U.S. Route 50 (Volcano vicinity), Petroleum, Ritchie County, WV. Library of Congress, https://www.loc.gov/item/wv0108/",2026-10-01T21:36:24Z,19a616356672f760629e1a545aa1fadf277960bc40afa5784261fe8066562844,HAER measured drawing sheet 5 ('Drawings from Survey'); rights advisory: 'No known restrictions on images made by the U.S. Government'; US Government work; 
raw/haer/wv0290/wv0290_sheet03.tif,https://tile.loc.gov/storage-services/master/pnp/habshaer/wv/wv0200/wv0290/sheet/00003a.tif,Public-Domain,https://www.loc.gov/rr/print/res/114_habs.html,"Historic American Engineering Record (National Park Service), HAER WVA,19-HARF,29-, Waterpower on Virginius Island, Shenandoah River near Potomac River, Harpers Ferry, Jefferson County, WV. Library of Congress, https://www.loc.gov/item/wv0290/",2026-10-01T21:36:25Z,81544ea766c74246a233f055648c8acf070001e59263fd1f9da798a1e8fe972e,HAER measured drawing sheet 3 ('Drawings from Survey'); rights advisory: 'No known restrictions on images made by the U.S. Government'; US Government work; 
raw/haer/wv0329/wv0329_sheet04.tif,https://tile.loc.gov/storage-services/master/pnp/habshaer/wv/wv0300/wv0329/sheet/00004a.tif,Public-Domain,https://www.loc.gov/rr/print/res/114_habs.html,"Historic American Engineering Record (National Park Service), HAER WVA,35-WHEEL,38-, La Belle Iron Works, 30th & Wood Streets, Wheeling, Ohio County, WV. Library of Congress, https://www.loc.gov/item/wv0329/",2026-10-01T21:36:27Z,25184a457065273974f1929a59567092b731a5244a6eea2b955813771d273c84,"HAER measured drawing sheet 4 ('Drawings from Survey'); rights advisory: 'No known restrictions on images made by the U.S. Government'; US Government work; delineators: McBroom, Scot C., delineator; Balachowski, Joseph D., delineator; Colosimo, Robert Giacomo, delineator; Hoxie, Christopher, delineator; Collins, Judith E., delineator"
raw/haer/wv0536/wv0536_sheet07.tif,https://tile.loc.gov/storage-services/master/pnp/habshaer/wv/wv0500/wv0536/sheet/00007a.tif,Public-Domain,https://www.loc.gov/rr/print/res/114_habs.html,"Historic American Engineering Record (National Park Service), HAER WVA,19-HARF,34-, Virginius Island Waterpowered Mill Complex, North bank of Shenandoah River 0.5 mile from confluence with Potomac River, Harpers Ferry, Jefferson County, WV. Library of Congress, https://www.loc.gov/item/wv0536/",2026-10-01T21:36:28Z,9bc156edc674143d819b2076d87853e37af43f90a76fc18824ffb8f5ef9f6582,"HAER measured drawing sheet 7 ('Drawings from Survey'); rights advisory: 'No known restrictions on images made by the U.S. Government'; US Government work; delineators: Spyrakos, Christina, delineator"
raw/haer/wv0255/wv0255_sheet04.tif,https://tile.loc.gov/storage-services/master/pnp/habshaer/wv/wv0200/wv0255/sheet/00004a.tif,Public-Domain,https://www.loc.gov/rr/print/res/114_habs.html,"Historic American Engineering Record (National Park Service), HAER WVA,2-MART,1A-, Baltimore & Ohio Railroad, Martinsburg West Roundhouse, East End of Race & Martin Streets, Martinsburg, Berkeley County, WV. Library of Congress, https://www.loc.gov/item/wv0255/",2026-10-01T21:36:30Z,c813e896cbf325fa5c466e17a5a97fb11c312e6343d7375d18587fa7fbedf15e,HAER measured drawing sheet 4 ('Drawings from Survey'); rights advisory: 'No known restrictions on images made by the U.S. Government'; US Government work; 
raw/haer/ar0051/ar0051_sheet19.tif,https://tile.loc.gov/storage-services/master/pnp/habshaer/ar/ar0000/ar0051/sheet/00019a.tif,Public-Domain,https://www.loc.gov/rr/print/res/114_habs.html,"Historic American Engineering Record (National Park Service), HAER ARK,51-PON,1-, Boxley Grist Mill, Boxley vicinity on State Route 43, Buffalo National River, Ponca, Newton County, AR. Library of Congress, https://www.loc.gov/item/ar0051/",2026-10-01T21:36:31Z,f44bdd1bee6866b18abaf095605fffc9f08e691caaf62b8fd19e8bb35382846f,HAER measured drawing sheet 19 ('Drawings from Survey'); rights advisory: 'No known restrictions on images made by the U.S. Government'; US Government work; 
raw/haer/ca1508/ca1508_sheet06.tif,https://tile.loc.gov/storage-services/master/pnp/habshaer/ca/ca1500/ca1508/sheet/00006a.tif,Public-Domain,https://www.loc.gov/rr/print/res/114_habs.html,"Historic American Engineering Record (National Park Service), HAER CAL,38-SANFRA,167, Steam Tug EPPLETON HALL, Hyde Street Pier, San Francisco, San Francisco County, CA. Library of Congress, https://www.loc.gov/item/ca1508/",2026-10-01T21:36:32Z,7689c147975923254022bb0aa6135d52959775a4497e0e57d142ede73114062e,HAER measured drawing sheet 6 ('Drawings from Survey'); rights advisory: 'No known restrictions on images made by the U.S. Government'; US Government work; 
raw/haer/ca1521/ca1521_sheet29.tif,https://tile.loc.gov/storage-services/master/pnp/habshaer/ca/ca1500/ca1521/sheet/00029a.tif,Public-Domain,https://www.loc.gov/rr/print/res/114_habs.html,"Historic American Engineering Record (National Park Service), HAER CAL,21-SAUS,1-, Steam Schooner WAPAMA, Kaiser Shipyard No. 3 (Shoal Point), Richmond, Contra Costa County, CA. Library of Congress, https://www.loc.gov/item/ca1521/",2026-10-01T21:36:34Z,039ab8464e540288af89278f34b3cc26599a884494611f8885eb7f9f44accfca,HAER measured drawing sheet 29 ('Drawings from Survey'); rights advisory: 'No known restrictions on images made by the U.S. Government'; US Government work; 
raw/haer/ga0212/ga0212_sheet02.tif,https://tile.loc.gov/storage-services/master/pnp/habshaer/ga/ga0200/ga0212/sheet/00002a.tif,Public-Domain,https://www.loc.gov/rr/print/res/114_habs.html,"Historic American Engineering Record (National Park Service), HAER GA,123-AUG,46-, John P. King Manufacturing Company, 1701 Goodrich Street, Augusta Canal, Augusta, Richmond County, GA. Library of Congress, https://www.loc.gov/item/ga0212/",2026-10-01T21:36:36Z,98abbce86190db7feeb07aac9d0b85a091b7d3d03f038f3205da17c223abe8f3,HAER measured drawing sheet 2 ('Drawings from Survey'); rights advisory: 'No known restrictions on images made by the U.S. Government'; US Government work; 
raw/haer/md0001/md0001_sheet06.tif,https://tile.loc.gov/storage-services/master/pnp/habshaer/md/md0000/md0001/sheet/00006a.tif,Public-Domain,https://www.loc.gov/rr/print/res/114_habs.html,"Historic American Engineering Record (National Park Service), HAER MD,1-CUMB,2B-, Baltimore & Ohio Railroad, Bolt & Forge Shop, Spring Street, Cumberland, Allegany County, MD. Library of Congress, https://www.loc.gov/item/md0001/",2026-10-01T21:36:37Z,975bc6ad664732317faa0c44cb4491335a42974441adfc1d6f51b272c8f77a96,HAER measured drawing sheet 6 ('Drawings from Survey'); rights advisory: 'No known restrictions on images made by the U.S. Government'; US Government work; 
raw/haer/md1796/md1796_sheet15.tif,https://tile.loc.gov/storage-services/master/pnp/habshaer/md/md1700/md1796/sheet/00015a.tif,Public-Domain,https://www.loc.gov/rr/print/res/114_habs.html,"Historic American Engineering Record (National Park Service), HAER MD-166, Robert B. Morse Water Filtration Plant, 10700 and 10701 Columbia Pike, Silver Spring, Montgomery County, MD. Library of Congress, https://www.loc.gov/item/md1796/",2026-10-01T21:36:39Z,3ec5a6971c5eb539c1a8e18503744b03b88b72efd4c62031ad18a67eb79dd1d8,HAER measured drawing sheet 15 ('Drawings from Survey'); rights advisory: 'No known restrictions on images made by the U.S. Government'; US Government work; 
raw/haer/ny0480/ny0480_sheet02.tif,https://tile.loc.gov/storage-services/master/pnp/habshaer/ny/ny0400/ny0480/sheet/00002a.tif,Public-Domain,https://www.loc.gov/rr/print/res/114_habs.html,"Historic American Engineering Record (National Park Service), HAER NY,5-NAP,1-, Gladden Wind Turbine, Pigeon Valley Road, Napoli, Cattaraugus County, NY. Library of Congress, https://www.loc.gov/item/ny0480/",2026-10-01T21:36:40Z,b86694bb0a6cc64c3e0b1fadc4e1524ae44cce3f1f5b860abc037760015a0230,HAER measured drawing sheet 2 ('Drawings from Survey'); rights advisory: 'No known restrictions on images made by the U.S. Government'; US Government work; 
raw/haer/pa2222/pa2222_sheet08.tif,https://tile.loc.gov/storage-services/master/pnp/habshaer/pa/pa2200/pa2222/sheet/00008a.tif,Public-Domain,https://www.loc.gov/rr/print/res/114_habs.html,"Historic American Engineering Record (National Park Service), HAER PA,30-RILA,1-, W. A. Young & Sons Foundry & Machine Shop, On Water Street along Monongahela River, Rices Landing, Greene County, PA. Library of Congress, https://www.loc.gov/item/pa2222/",2026-10-01T21:36:42Z,4decfd8483032f190047c2ae4139eece1cb08ed79a7164889fa00a09b2236671,"HAER measured drawing sheet 8 ('Drawings from Survey'); rights advisory: 'No known restrictions on images made by the U.S. Government'; US Government work; delineators: Palombo, Paula, delineator; Green, Evelyn L., delineator; Fluker, Roderick, delineator"
raw/haer/pr0029/pr0029_sheet05.tif,https://tile.loc.gov/storage-services/master/pnp/habshaer/pr/pr0000/pr0029/sheet/00005a.tif,Public-Domain,https://www.loc.gov/rr/print/res/114_habs.html,"Historic American Engineering Record (National Park Service), HAER PR,11-VICT,1A-, Hacienda Azucarera La Concepcion, Sugar Mill Ruins, .3 Mi. W. of Junction of Rts. 418 & 111, Victoria, Aguadilla Municipio, PR. Library of Congress, https://www.loc.gov/item/pr0029/",2026-10-01T21:36:43Z,a36339bbaf45e2f91560ffef08afdd9dde871394e79e92bd3a23572ea32a3557,"HAER measured drawing sheet 5 ('Drawings from Survey'); rights advisory: 'No known restrictions on images made by the U.S. Government'; US Government work; delineators: Freeman, Belmont, delineator; del Cueto, Beatriz, delineator; Yasuda, Beverly, delineator"
raw/haer/ut0010/ut0010_sheet08.tif,https://tile.loc.gov/storage-services/master/pnp/habshaer/ut/ut0000/ut0010/sheet/00008a.tif,Public-Domain,https://www.loc.gov/rr/print/res/114_habs.html,"Historic American Engineering Record (National Park Service), HAER UTAH,2-GARL.V,1-, Utah Sugar Company, Garland Beet Sugar Refinery, Factory Street, Garland, Box Elder County, UT. Library of Congress, https://www.loc.gov/item/ut0010/",2026-10-01T21:36:45Z,ae85ae2f6b77f4b3c3c0219e74114ecddf8d6712688882a3fe6115b912cfcd8d,HAER measured drawing sheet 8 ('Drawings from Survey'); rights advisory: 'No known restrictions on images made by the U.S. Government'; US Government work; 
raw/haer/wv0222/wv0222_sheet05.tif,https://tile.loc.gov/storage-services/master/pnp/habshaer/wv/wv0200/wv0222/sheet/00005a.tif,Public-Domain,https://www.loc.gov/rr/print/res/114_habs.html,"Historic American Engineering Record (National Park Service), HAER WVA,2-SHEP.V,1-, Dam No. 4 Hydroelectric Plant, Potomac River, Martinsburg, Berkeley County, WV. Library of Congress, https://www.loc.gov/item/wv0222/",2026-10-01T21:36:46Z,7c7e76d8ab9d077c0d6957a57e440f30e74e1f4f0618900a750e4fee293879cc,HAER measured drawing sheet 5 ('Drawings from Survey'); rights advisory: 'No known restrictions on images made by the U.S. Government'; US Government work; 
raw/haer/wv0329/wv0329_sheet05.tif,https://tile.loc.gov/storage-services/master/pnp/habshaer/wv/wv0300/wv0329/sheet/00005a.tif,Public-Domain,https://www.loc.gov/rr/print/res/114_habs.html,"Historic American Engineering Record (National Park Service), HAER WVA,35-WHEEL,38-, La Belle Iron Works, 30th & Wood Streets, Wheeling, Ohio County, WV. Library of Congress, https://www.loc.gov/item/wv0329/",2026-10-01T21:36:47Z,b8ddf65e7101e01bc3ec2c129831b9aab1bc397c0af2f36f12ec3759de4decd4,"HAER measured drawing sheet 5 ('Drawings from Survey'); rights advisory: 'No known restrictions on images made by the U.S. Government'; US Government work; delineators: McBroom, Scot C., delineator; Balachowski, Joseph D., delineator; Colosimo, Robert Giacomo, delineator; Hoxie, Christopher, delineator; Collins, Judith E., delineator"
raw/haer/co0296/co0296_sheet05.tif,https://tile.loc.gov/storage-services/master/pnp/habshaer/co/co0200/co0296/sheet/00005a.tif,Public-Domain,https://www.loc.gov/rr/print/res/114_habs.html,"Historic American Engineering Record (National Park Service), HAER COLO,56-SILTN.V,1-, Sound Democrat Mill, Placer Creek Valley, Silverton, San Juan County, CO. Library of Congress, https://www.loc.gov/item/co0296/",2026-10-01T21:36:51Z,7ef1e8f30f54f622105dd8063c3ecd7c99e624e3decf4d87b081276683386cab,HAER measured drawing sheet 5 ('Drawings from Survey'); rights advisory: 'No known restrictions on images made by the U.S. Government'; US Government work; 
raw/haer/ma1024/ma1024_sheet10.tif,https://tile.loc.gov/storage-services/master/pnp/habshaer/ma/ma1000/ma1024/sheet/00010a.tif,Public-Domain,https://www.loc.gov/rr/print/res/114_habs.html,"Historic American Engineering Record (National Park Service), HAER MASS,9-ARL,4-, Schwamb Mill, 17 Mill Lane, Arlington, Middlesex County, MA. Library of Congress, https://www.loc.gov/item/ma1024/",2026-10-01T21:36:52Z,a6ca342b9fb1e99bef4c913d37e3e6c2fc2d8fd7c371ddb4d4d832235fb8f12e,HAER measured drawing sheet 10 ('Drawings from Survey'); rights advisory: 'No known restrictions on images made by the U.S. Government'; US Government work; 
raw/haer/wv0536/wv0536_sheet08.tif,https://tile.loc.gov/storage-services/master/pnp/habshaer/wv/wv0500/wv0536/sheet/00008a.tif,Public-Domain,https://www.loc.gov/rr/print/res/114_habs.html,"Historic American Engineering Record (National Park Service), HAER WVA,19-HARF,34-, Virginius Island Waterpowered Mill Complex, North bank of Shenandoah River 0.5 mile from confluence with Potomac River, Harpers Ferry, Jefferson County, WV. Library of Congress, https://www.loc.gov/item/wv0536/",2026-10-01T21:36:54Z,61d993989c6dc193449f5d405329152ff844a59df9027753bf7f852bd0022ecf,"HAER measured drawing sheet 8 ('Drawings from Survey'); rights advisory: 'No known restrictions on images made by the U.S. Government'; US Government work; delineators: Spyrakos, Christina, delineator"
raw/haer/al1331/al1331_sheet15.tif,https://tile.loc.gov/storage-services/master/pnp/habshaer/al/al1300/al1331/sheet/00015a.tif,Public-Domain,https://www.loc.gov/rr/print/res/114_habs.html,"Historic American Engineering Record (National Park Service), HAER AL-129-L, Marshall Space Flight Center, F-1 Engine Static Test Stand, On Route 565 between Huntsville and Decatur, Huntsville, Madison County, AL. Library of Congress, https://www.loc.gov/item/al1331/",2026-10-01T21:36:55Z,3950a541263ce77314c787b6a4cc7b156aa80afa26999d296a4330b57d99d070,HAER measured drawing sheet 15 ('Drawings from Survey'); rights advisory: 'No known restrictions on images made by the U.S. Government'; US Government work; 
raw/haer/ct0710/ct0710_sheet12.tif,https://tile.loc.gov/storage-services/master/pnp/habshaer/ct/ct0700/ct0710/sheet/00012a.tif,Public-Domain,https://www.loc.gov/rr/print/res/114_habs.html,"Historic American Engineering Record (National Park Service), HAER CT-185-C, Haddam Neck Nuclear Power Plant, Turbine Building , 362 Injun Hollow Road, Haddam, Middlesex County, CT. Library of Congress, https://www.loc.gov/item/ct0710/",2026-10-01T21:45:30Z,19d48ef6dff3564cdbc8d4f00ba15ac93ed351818358fe5edc7b19dc64606dbc,HAER measured drawing sheet 12 ('Drawings from Survey'); rights advisory: 'No known restrictions on images made by the U.S. Government'; US Government work; 
raw/haer/ct0713/ct0713_sheet04.tif,https://tile.loc.gov/storage-services/master/pnp/habshaer/ct/ct0700/ct0713/sheet/00004a.tif,Public-Domain,https://www.loc.gov/rr/print/res/114_habs.html,"Historic American Engineering Record (National Park Service), HAER CT-185-F, Haddam Neck Nuclear Power Plant, Service Building, 362 Injun Hollow Road, Haddam, Middlesex County, CT. Library of Congress, https://www.loc.gov/item/ct0713/",2026-10-01T21:45:32Z,1c405cc93df0c34891d79a7ecf1ea10e44498052b7dc89ac3f9b5cb707fff9d5,HAER measured drawing sheet 4 ('Drawings from Survey'); rights advisory: 'No known restrictions on images made by the U.S. Government'; US Government work; 
raw/haer/ct0714/ct0714_sheet03.tif,https://tile.loc.gov/storage-services/master/pnp/habshaer/ct/ct0700/ct0714/sheet/00003a.tif,Public-Domain,https://www.loc.gov/rr/print/res/114_habs.html,"Historic American Engineering Record (National Park Service), HAER CT-185-G, Haddam Neck Nuclear Power Plant, Primary Auxiliary Building, 362 Injun Hollow Road, Haddam, Middlesex County, CT. Library of Congress, https://www.loc.gov/item/ct0714/",2026-10-01T21:45:33Z,07299522fee8e0c4c72540afd26d1bca0b871e03fbd7191384c2dda29fe845c7,HAER measured drawing sheet 3 ('Drawings from Survey'); rights advisory: 'No known restrictions on images made by the U.S. Government'; US Government work; 
raw/haer/nm0302/nm0302_sheet04.tif,https://tile.loc.gov/storage-services/master/pnp/habshaer/nm/nm0300/nm0302/sheet/00004a.tif,Public-Domain,https://www.loc.gov/rr/print/res/114_habs.html,"Historic American Engineering Record (National Park Service), HAER NM-14-A, La Cienega Acequia, Truchas Molino, 334 Los Pinos Road, Santa Fe, Santa Fe County, NM. Library of Congress, https://www.loc.gov/item/nm0302/",2026-10-01T21:45:38Z,b31f750e6928b3fb1437a537dc4be867de16df14242b8bc35e47088a06e92d4f,HAER measured drawing sheet 4 ('Drawings from Survey'); rights advisory: 'No known restrictions on images made by the U.S. Government'; US Government work; 
raw/haer/nm0302/nm0302_sheet05.tif,https://tile.loc.gov/storage-services/master/pnp/habshaer/nm/nm0300/nm0302/sheet/00005a.tif,Public-Domain,https://www.loc.gov/rr/print/res/114_habs.html,"Historic American Engineering Record (National Park Service), HAER NM-14-A, La Cienega Acequia, Truchas Molino, 334 Los Pinos Road, Santa Fe, Santa Fe County, NM. Library of Congress, https://www.loc.gov/item/nm0302/",2026-10-01T21:45:39Z,63913e16707d15f5aa581d5a68d0246ac87fb6e3eb311debf615eea8c365cab6,HAER measured drawing sheet 5 ('Drawings from Survey'); rights advisory: 'No known restrictions on images made by the U.S. Government'; US Government work; 
raw/haer/ct0710/ct0710_sheet11.tif,https://tile.loc.gov/storage-services/master/pnp/habshaer/ct/ct0700/ct0710/sheet/00011a.tif,Public-Domain,https://www.loc.gov/rr/print/res/114_habs.html,"Historic American Engineering Record (National Park Service), HAER CT-185-C, Haddam Neck Nuclear Power Plant, Turbine Building , 362 Injun Hollow Road, Haddam, Middlesex County, CT. Library of Congress, https://www.loc.gov/item/ct0710/",2026-10-01T21:45:46Z,70d7e002eed660ad01e3c9a1410bf279af8f6d56905439dc5b7dbfb160b4a83b,HAER measured drawing sheet 11 ('Drawings from Survey'); rights advisory: 'No known restrictions on images made by the U.S. Government'; US Government work; 
raw/haer/ct0713/ct0713_sheet03.tif,https://tile.loc.gov/storage-services/master/pnp/habshaer/ct/ct0700/ct0713/sheet/00003a.tif,Public-Domain,https://www.loc.gov/rr/print/res/114_habs.html,"Historic American Engineering Record (National Park Service), HAER CT-185-F, Haddam Neck Nuclear Power Plant, Service Building, 362 Injun Hollow Road, Haddam, Middlesex County, CT. Library of Congress, https://www.loc.gov/item/ct0713/",2026-10-01T21:45:47Z,cb075d50b0ed2dcb88077eadd8ab89698794c8e84c036f452b768fbef55d5400,HAER measured drawing sheet 3 ('Drawings from Survey'); rights advisory: 'No known restrictions on images made by the U.S. Government'; US Government work; 
raw/haer/ct0714/ct0714_sheet04.tif,https://tile.loc.gov/storage-services/master/pnp/habshaer/ct/ct0700/ct0714/sheet/00004a.tif,Public-Domain,https://www.loc.gov/rr/print/res/114_habs.html,"Historic American Engineering Record (National Park Service), HAER CT-185-G, Haddam Neck Nuclear Power Plant, Primary Auxiliary Building, 362 Injun Hollow Road, Haddam, Middlesex County, CT. Library of Congress, https://www.loc.gov/item/ct0714/",2026-10-01T21:45:49Z,21829f81b6015e97172923c8c32589b4488484b685608e7f286878e43c09ca29,HAER measured drawing sheet 4 ('Drawings from Survey'); rights advisory: 'No known restrictions on images made by the U.S. Government'; US Government work; 
raw/haer/ak0194/ak0194_sheet02.tif,https://tile.loc.gov/storage-services/master/pnp/habshaer/ak/ak0100/ak0194/sheet/00002a.tif,Public-Domain,https://www.loc.gov/rr/print/res/114_habs.html,"Historic American Engineering Record (National Park Service), HAER AK,19-EGL.V,4A-, Gold Placers Incorporated, Coal Creek Dredge, Near Coal Creek & Yukon River, Eagle, Southeast Fairbanks Census Area, AK. Library of Congress, https://www.loc.gov/item/ak0194/",2026-10-01T21:45:50Z,ef17f7ea08c841e275b8052fa88e43798cf033917861a8b3e1587fd654ea6800,"HAER measured drawing sheet 2 ('Drawings from Survey'); rights advisory: 'No known restrictions on images made by the U.S. Government'; US Government work; delineators: Vandeventer, William, delineator; Oberdorfer, Robert M., delineator"
raw/haer/ar0051/ar0051_sheet18.tif,https://tile.loc.gov/storage-services/master/pnp/habshaer/ar/ar0000/ar0051/sheet/00018a.tif,Public-Domain,https://www.loc.gov/rr/print/res/114_habs.html,"Historic American Engineering Record (National Park Service), HAER ARK,51-PON,1-, Boxley Grist Mill, Boxley vicinity on State Route 43, Buffalo National River, Ponca, Newton County, AR. Library of Congress, https://www.loc.gov/item/ar0051/",2026-10-01T21:45:52Z,978b3585ee9c40f975a4eb94185dba17facd99a840e6545bc8278948421e8c45,HAER measured drawing sheet 18 ('Drawings from Survey'); rights advisory: 'No known restrictions on images made by the U.S. Government'; US Government work; 
raw/haer/ca1023/ca1023_sheet17.tif,https://tile.loc.gov/storage-services/master/pnp/habshaer/ca/ca1000/ca1023/sheet/00017a.tif,Public-Domain,https://www.loc.gov/rr/print/res/114_habs.html,"Historic American Engineering Record (National Park Service), HAER CAL,52-REBLU.V,1-, Battle Creek Hydroelectric System, Battle Creek & Tributaries, Red Bluff, Tehama County, CA. Library of Congress, https://www.loc.gov/item/ca1023/",2026-10-01T21:45:54Z,7243cad279fae3f8ed07a129ae26ab4c1904fb1973c7706447133d5a53cb079a,"HAER measured drawing sheet 17 ('Drawings from Survey'); rights advisory: 'No known restrictions on images made by the U.S. Government'; US Government work; delineators: Pohlsander, Dianne M., delineator; Smith, Shannon L., delineator; Weems, Sands S., IV, delineator"
raw/haer/ca1237/ca1237_sheet06.tif,https://tile.loc.gov/storage-services/master/pnp/habshaer/ca/ca1200/ca1237/sheet/00006a.tif,Public-Domain,https://www.loc.gov/rr/print/res/114_habs.html,"Historic American Engineering Record (National Park Service), HAER CAL,38-SANFRA,137-, San Francisco Cable Railway, Washington & Mason Streets, San Francisco, San Francisco County, CA. Library of Congress, https://www.loc.gov/item/ca1237/",2026-10-01T21:45:56Z,5d75748e4da055b36b856b66a867d72a542ccc950807c59b6bbf997fc7aeb62d,"HAER measured drawing sheet 6 ('Drawings from Survey'); rights advisory: 'No known restrictions on images made by the U.S. Government'; US Government work; delineators: Dolph, Scott, delineator; Dombroski, Marian, delineator; Sutphin, H. Adams, delineator"
raw/haer/ca1521/ca1521_sheet28.tif,https://tile.loc.gov/storage-services/master/pnp/habshaer/ca/ca1500/ca1521/sheet/00028a.tif,Public-Domain,https://www.loc.gov/rr/print/res/114_habs.html,"Historic American Engineering Record (National Park Service), HAER CAL,21-SAUS,1-, Steam Schooner WAPAMA, Kaiser Shipyard No. 3 (Shoal Point), Richmond, Contra Costa County, CA. Library of Congress, https://www.loc.gov/item/ca1521/",2026-10-01T21:45:59Z,35ad7c1eb1110f8c6ed819ee78102e759db56f13e52a9354b0f9b87a626e1766,HAER measured drawing sheet 28 ('Drawings from Survey'); rights advisory: 'No known restrictions on images made by the U.S. Government'; US Government work; 
raw/haer/ca1734/ca1734_sheet07.tif,https://tile.loc.gov/storage-services/master/pnp/habshaer/ca/ca1700/ca1734/sheet/00007a.tif,Public-Domain,https://www.loc.gov/rr/print/res/114_habs.html,"Historic American Engineering Record (National Park Service), HAER CAL,36-TNPAL.V,5-, Lost Horse Gold Mill, Twentynine Palms, San Bernardino County, CA. Library of Congress, https://www.loc.gov/item/ca1734/",2026-10-01T21:46:00Z,045c5b17daa008d496fa7c505915ab32d9bc436db6cbc6397cf405401e0bd768,"HAER measured drawing sheet 7 ('Drawings from Survey'); rights advisory: 'No known restrictions on images made by the U.S. Government'; US Government work; delineators: Dion, Martine, delineator; Kiernat, Carolyn J, delineator"
raw/haer/ca3098/ca3098_sheet14.tif,https://tile.loc.gov/storage-services/master/pnp/habshaer/ca/ca3000/ca3098/sheet/00014a.tif,Public-Domain,https://www.loc.gov/rr/print/res/114_habs.html,"Historic American Engineering Record (National Park Service), HAER CA-299, Standard Gold Mill, East of Bodie Creek, Northeast of Bodie, Bodie, Mono County, CA. Library of Congress, https://www.loc.gov/item/ca3098/",2026-10-01T21:46:02Z,527da0ab4ff894fc7fd0e8fd13a1816391f214a83ecc36e05ca58fe28bd704c7,"HAER measured drawing sheet 14 ('Drawings from Survey'); rights advisory: 'No known restrictions on images made by the U.S. Government'; US Government work; delineators: Lockett, Dana, delineator; Croteau, Todd A., delineator; Behrens, Thomas M., delineator; Osic-Basic, Dina, delineator"
raw/haer/ca3098/ca3098_sheet15.tif,https://tile.loc.gov/storage-services/master/pnp/habshaer/ca/ca3000/ca3098/sheet/00015a.tif,Public-Domain,https://www.loc.gov/rr/print/res/114_habs.html,"Historic American Engineering Record (National Park Service), HAER CA-299, Standard Gold Mill, East of Bodie Creek, Northeast of Bodie, Bodie, Mono County, CA. Library of Congress, https://www.loc.gov/item/ca3098/",2026-10-01T21:46:04Z,259be7b20977877fe31024d15fafc3514413f0571ff5c0ff62f7710b690bf2a4,"HAER measured drawing sheet 15 ('Drawings from Survey'); rights advisory: 'No known restrictions on images made by the U.S. Government'; US Government work; delineators: Lockett, Dana, delineator; Croteau, Todd A., delineator; Behrens, Thomas M., delineator; Osic-Basic, Dina, delineator"
raw/haer/ca3794/ca3794_sheet03.tif,https://tile.loc.gov/storage-services/master/pnp/habshaer/ca/ca3700/ca3794/sheet/00003a.tif,Public-Domain,https://www.loc.gov/rr/print/res/114_habs.html,"Historic American Engineering Record (National Park Service), HAER CA-2280, Pacific Furnace, 6633 Canoga Avenue, Canoga Park, Los Angeles County, CA. Library of Congress, https://www.loc.gov/item/ca3794/",2026-10-01T21:46:06Z,b7f5a7afe5aff8e722af1cda1d69b3c309ee3653ddec26d92b2c294b7f0f2843,"HAER measured drawing sheet 3 ('Drawings from Survey'); rights advisory: 'No known restrictions on images made by the U.S. Government'; US Government work; delineators: Matsov, Alexander, delineator"
raw/haer/dc0987/dc0987_sheet05.tif,https://tile.loc.gov/storage-services/master/pnp/habshaer/dc/dc0900/dc0987/sheet/00005a.tif,Public-Domain,https://www.loc.gov/rr/print/res/114_habs.html,"Historic American Engineering Record (National Park Service), HAER DC-56, U.S. Coast Guard Buoy Tenders, 133' Class, U.S. Coast Guard Headquarters, 2100 Second Street Southwest, Washington, District of Columbia, DC. Library of Congress, https://www.loc.gov/item/dc0987/",2026-10-01T21:46:07Z,0b1c15f1f6d6446b8be6523e00c4d239c18d0494eee120fa73b057c66e8df8aa,HAER measured drawing sheet 5 ('Drawings from Survey'); rights advisory: 'No known restrictions on images made by the U.S. Government'; US Government work; 
raw/haer/hi0052/hi0052_sheet05.tif,https://tile.loc.gov/storage-services/master/pnp/habshaer/hi/hi0000/hi0052/sheet/00005a.tif,Public-Domain,https://www.loc.gov/rr/print/res/114_habs.html,"Historic American Engineering Record (National Park Service), HAER HI,5-KALPU,1-, R.W. Meyer Sugar Mill, State Route 47, Kualapuu, Maui County, HI. Library of Congress, https://www.loc.gov/item/hi0052/",2026-10-01T21:46:08Z,4b1f1aefccb01efadab0cd8f87733849ded2b4fbbad47b4d7615514cefbe01db,HAER measured drawing sheet 5 ('Drawings from Survey'); rights advisory: 'No known restrictions on images made by the U.S. Government'; US Government work; 
raw/haer/la0164/la0164_sheet08.tif,https://tile.loc.gov/storage-services/master/pnp/habshaer/la/la0100/la0164/sheet/00008a.tif,Public-Domain,https://www.loc.gov/rr/print/res/114_habs.html,"Historic American Engineering Record (National Park Service), HAER LA,9-SHREV,2-, McNeil Street Pumping Station, McNeil Street & Cross Bayou, Shreveport, Caddo Parish, LA. Library of Congress, https://www.loc.gov/item/la0164/",2026-10-01T21:46:10Z,a80bb3716922d80092c5cf21884e5d38f5a648445705a602d1ade7a07e1943ad,HAER measured drawing sheet 8 ('Drawings from Survey'); rights advisory: 'No known restrictions on images made by the U.S. Government'; US Government work; 
raw/haer/ca3003/ca3003_sheet03.tif,https://tile.loc.gov/storage-services/master/pnp/habshaer/ca/ca3000/ca3003/sheet/00003a.tif,Public-Domain,https://www.loc.gov/rr/print/res/114_habs.html,"Historic American Engineering Record (National Park Service), HAER CA-292, Gold Hill Mill, Warm Spring Canyon Road, Death Valley Junction, Inyo County, CA. Library of Congress, https://www.loc.gov/item/ca3003/",2026-10-01T21:46:11Z,c02588af008f5c1fdfe0da67eef0b49fa63392d5342a7b5ea6925379f7b02a02,"HAER measured drawing sheet 3 ('Drawings from Survey'); rights advisory: 'No known restrictions on images made by the U.S. Government'; US Government work; delineators: Lockett, Dana, delineator"
raw/haer/md1680/md1680_sheet09.tif,https://tile.loc.gov/storage-services/master/pnp/habshaer/md/md1600/md1680/sheet/00009a.tif,Public-Domain,https://www.loc.gov/rr/print/res/114_habs.html,"Historic American Engineering Record (National Park Service), HAER MD-135, F. & H. Benning Company Oyster Mill, 14430 Solomons Island Road (moved from 1014 Benning Road, Galesville, Anne Arundel County, Maryland), Solomons, Calvert County, MD. Library of Congress, https://www.loc.gov/item/md1680/",2026-10-01T21:46:14Z,0a87eb975e4c02d6d74c85699984ce0cc6ba7aca27104c23253f18bb81e1bf72,"HAER measured drawing sheet 9 ('Drawings from Survey'); rights advisory: 'No known restrictions on images made by the U.S. Government'; US Government work; delineators: Valletta, Victoria, delineator"
raw/haer/pa1337/pa1337_sheet06.tif,https://tile.loc.gov/storage-services/master/pnp/habshaer/pa/pa1300/pa1337/sheet/00006a.tif,Public-Domain,https://www.loc.gov/rr/print/res/114_habs.html,"Historic American Engineering Record (National Park Service), HAER PA,39-LYNVI.V,1-, Betz's Mill, Bausch Road on Switzer Creek, 1.5 miles southeast of Lynnville, Lynnville, Lehigh County, PA. Library of Congress, https://www.loc.gov/item/pa1337/",2026-10-01T21:47:22Z,9553e8dce156fdbb08975ed10b2acf4602eb3531b772aee097f394b9a01aeb6e,"HAER measured drawing sheet 6 ('Drawings from Survey'); rights advisory: 'No known restrictions on images made by the U.S. Government'; US Government work; delineators: Bowie, John R, delineator"
raw/haer/pa2223/pa2223_sheet11.tif,https://tile.loc.gov/storage-services/master/pnp/habshaer/pa/pa2200/pa2223/sheet/00011a.tif,Public-Domain,https://www.loc.gov/rr/print/res/114_habs.html,"Historic American Engineering Record (National Park Service), HAER PA, 2-HOME,2-, U.S. Steel Homestead Works, Along Monongahela River, north of Eighth Avenue, Homestead, Allegheny County, PA. Library of Congress, https://www.loc.gov/item/pa2223/",2026-10-01T21:47:24Z,e34274056d1f2b434669dad4e50ec7d381471cd29e619f88701ea485a1803372,"HAER measured drawing sheet 11 ('Drawings from Survey'); rights advisory: 'No known restrictions on images made by the U.S. Government'; US Government work; delineators: Marston, Christopher H., delineator; Schylter, Camilla, delineator; Williams, Patrick, delineator"
